{
    "activityDescription": "Investigate Vault RAS-2 and investigate the source of the strange signal.", 
    "activityHashes": [
        1005705920
    ], 
    "activityName": "The First Firewall", 
    "activityTypeHash": 1801258597, 
    "bundleHash": 1005705920, 
    "destinationHash": 3393213630, 
    "hash": 0, 
    "icon": "/img/misc/missing_icon.png", 
    "index": 0, 
    "placeHash": 3747705955, 
    "releaseIcon": "/common/destiny_content/icons/95baf9975a03e53d6e10ea58a0b1d013.png", 
    "releaseTime": 0
}