{
    "activityDescription": "\"No mercy. No hesitation. It'll take nothing less to defeat the Darkness.\" \u2014Lord Shaxx \n\nAll-out team warfare. Destroy the enemy.", 
    "activityHashes": [
        1045828271
    ], 
    "activityName": "Clash", 
    "activityTypeHash": 3614615911, 
    "bundleHash": 1045828271, 
    "destinationHash": 2777041980, 
    "hash": 0, 
    "icon": "/img/misc/missing_icon.png", 
    "index": 0, 
    "placeHash": 4088006058, 
    "releaseIcon": "/common/destiny_content/icons/95baf9975a03e53d6e10ea58a0b1d013.png", 
    "releaseTime": 0
}