{
    "activityDescription": "Enter the Black Garden, draw out the Groundskeeper, and destroy it.", 
    "activityHashes": [
        1068261034
    ], 
    "activityName": "Blood in the Garden", 
    "activityTypeHash": 1801258597, 
    "bundleHash": 1068261034, 
    "destinationHash": 4072959335, 
    "hash": 0, 
    "icon": "/img/misc/missing_icon.png", 
    "index": 0, 
    "placeHash": 2809578934, 
    "releaseIcon": "/common/destiny_content/icons/95baf9975a03e53d6e10ea58a0b1d013.png", 
    "releaseTime": 0
}