{
    "activityDescription": "Assault a prison deep in the heart of the Dreadnaught and put an end to a Hive champion.", 
    "activityHashes": [
        1084620606
    ], 
    "activityName": "The Sunless Cell", 
    "activityTypeHash": 4110605575, 
    "bundleHash": 1084620606, 
    "destinationHash": 2897855902, 
    "hash": 0, 
    "icon": "/img/misc/missing_icon.png", 
    "index": 0, 
    "placeHash": 596872852, 
    "releaseIcon": "/common/destiny_content/icons/95baf9975a03e53d6e10ea58a0b1d013.png", 
    "releaseTime": 0
}