{
    "activityDescription": "Guardians destroyed the Nexus on Venus. Now, a powerful Vex mind seeks to sunder time and space and undo what was done.", 
    "activityHashes": [
        1126759626
    ], 
    "activityName": "Echo Chamber", 
    "activityTypeHash": 4110605575, 
    "bundleHash": 1126759626, 
    "destinationHash": 518553403, 
    "hash": 0, 
    "icon": "/img/misc/missing_icon.png", 
    "index": 0, 
    "placeHash": 3871070152, 
    "releaseIcon": "/common/destiny_content/icons/95baf9975a03e53d6e10ea58a0b1d013.png", 
    "releaseTime": 0
}