{
    "activityDescription": "Archon Servants have raised their own corrupted Servitor-god, Kaliks Reborn. Defeat it and be rewarded.", 
    "activityHashes": [
        1208087919
    ], 
    "activityName": "Machine Wrath", 
    "activityTypeHash": 3705723572, 
    "bundleHash": 1208087919, 
    "destinationHash": 3393905939, 
    "hash": 0, 
    "icon": "/img/misc/missing_icon.png", 
    "index": 0, 
    "placeHash": 2512485647, 
    "releaseIcon": "/common/destiny_content/icons/b9848586b7660a42a5460d4b898cf115.png", 
    "releaseTime": 0
}