{
    "activityDescription": "Explore the Twilight Gap and survive the shadow that hangs above it.", 
    "activityHashes": [
        123999179
    ], 
    "activityName": "Shadows at Twilight", 
    "activityTypeHash": 2881466965, 
    "bundleHash": 123999179, 
    "destinationHash": 2337585795, 
    "hash": 0, 
    "icon": "/img/misc/missing_icon.png", 
    "index": 0, 
    "placeHash": 3747705955, 
    "releaseIcon": "/common/destiny_content/icons/95baf9975a03e53d6e10ea58a0b1d013.png", 
    "releaseTime": 0
}