{
    "activityDescription": "\"There's a rousing demand\u2014from participants and spectators\u2014for Legacy match types and arenas in the Crucible. I give them gladly.\" \u2014Lord Shaxx  \n\nA mix of Skirmish and Salvage on Year 1 maps.", 
    "activityHashes": [
        130631058
    ], 
    "activityName": "Classic 3v3", 
    "activityTypeHash": 3887258850, 
    "bundleHash": 130631058, 
    "destinationHash": 2777041980, 
    "hash": 0, 
    "icon": "/img/misc/missing_icon.png", 
    "index": 0, 
    "placeHash": 4088006058, 
    "releaseIcon": "/img/misc/missing_icon.png", 
    "releaseTime": 0
}