{
    "activityDescription": "Fight through the Gate and enter the Black Garden to destroy its heart.", 
    "activityHashes": [
        1403880578, 
        2853745856
    ], 
    "activityName": "The Black Garden", 
    "activityTypeHash": 1686739444, 
    "bundleHash": 1403880578, 
    "destinationHash": 4072959335, 
    "hash": 0, 
    "icon": "/img/misc/missing_icon.png", 
    "index": 0, 
    "placeHash": 2809578934, 
    "releaseIcon": "/img/misc/missing_icon.png", 
    "releaseTime": 0
}