{
    "activityDescription": "Survive the military power of the Cabal and find the Gate to the Black Garden.", 
    "activityHashes": [
        1403880580, 
        1940432142
    ], 
    "activityName": "Exclusion Zone", 
    "activityTypeHash": 1686739444, 
    "bundleHash": 1403880580, 
    "destinationHash": 4072959335, 
    "hash": 0, 
    "icon": "/img/misc/missing_icon.png", 
    "index": 0, 
    "placeHash": 2809578934, 
    "releaseIcon": "/img/misc/missing_icon.png", 
    "releaseTime": 0
}