{
    "activityDescription": "Clear out the Cabal occupying the lost city of Freehold and explore what remains.", 
    "activityHashes": [
        1403880582, 
        574483028
    ], 
    "activityName": "The Buried City", 
    "activityTypeHash": 1686739444, 
    "bundleHash": 1403880582, 
    "destinationHash": 4072959335, 
    "hash": 0, 
    "icon": "/img/misc/missing_icon.png", 
    "index": 0, 
    "placeHash": 2809578934, 
    "releaseIcon": "/img/misc/missing_icon.png", 
    "releaseTime": 0
}