{
    "activityDescription": "Seize control of the Black Garden Spire held behind the wall of the Cabal Warbase and wake the Gate Lord's Eye.", 
    "activityHashes": [
        1403880576, 
        2641355370
    ], 
    "activityName": "The Garden's Spire", 
    "activityTypeHash": 1686739444, 
    "bundleHash": 1403880576, 
    "destinationHash": 4072959335, 
    "hash": 0, 
    "icon": "/img/misc/missing_icon.png", 
    "index": 0, 
    "placeHash": 2809578934, 
    "releaseIcon": "/img/misc/missing_icon.png", 
    "releaseTime": 0
}