{
    "activityDescription": "Find and destroy the source of the Vex surging to protect the Black Garden.", 
    "activityHashes": [
        1403880579, 
        3056582947
    ], 
    "activityName": "A Rising Tide", 
    "activityTypeHash": 1686739444, 
    "bundleHash": 1403880579, 
    "destinationHash": 4072959335, 
    "hash": 0, 
    "icon": "/img/misc/missing_icon.png", 
    "index": 0, 
    "placeHash": 2809578934, 
    "releaseIcon": "/img/misc/missing_icon.png", 
    "releaseTime": 0
}