{
    "activityDescription": "Look for signs of Cayde's missing friend among the Vex ruins on Venus.", 
    "activityHashes": [
        1419457477
    ], 
    "activityName": "A Ranger Lost", 
    "activityTypeHash": 2881466965, 
    "bundleHash": 1419457477, 
    "destinationHash": 518553403, 
    "hash": 0, 
    "icon": "/img/misc/missing_icon.png", 
    "index": 0, 
    "placeHash": 3871070152, 
    "releaseIcon": "/common/destiny_content/icons/95baf9975a03e53d6e10ea58a0b1d013.png", 
    "releaseTime": 0
}