{
    "activityDescription": "The Flame Prince Urrox vows to burn the Light until all that remains is Darkness and bone.", 
    "activityHashes": [
        1441430564
    ], 
    "activityName": "Urrox's Grudge", 
    "activityTypeHash": 3705723572, 
    "bundleHash": 1441430564, 
    "destinationHash": 3393905939, 
    "hash": 0, 
    "icon": "/img/misc/missing_icon.png", 
    "index": 0, 
    "placeHash": 2512485647, 
    "releaseIcon": "/common/destiny_content/icons/b9848586b7660a42a5460d4b898cf115.png", 
    "releaseTime": 0
}