{
    "activityDescription": "Follow Skolas into Vex territory to aid in his capture for the Queen.", 
    "activityHashes": [
        1614355423, 
        3543525727
    ], 
    "activityName": "Queen's Ransom", 
    "activityTypeHash": 1686739444, 
    "bundleHash": 1614355423, 
    "destinationHash": 518553403, 
    "hash": 0, 
    "icon": "/img/misc/missing_icon.png", 
    "index": 0, 
    "placeHash": 3871070152, 
    "releaseIcon": "/common/destiny_content/icons/b9848586b7660a42a5460d4b898cf115.png", 
    "releaseTime": 0
}