{
    "activityDescription": "Travel deep into the heart of the Dreadnaught in pursuit of a Cabal assault team. Stop it from detonating the Hive ship's core.", 
    "activityHashes": [
        1624947721
    ], 
    "activityName": "Shield Brothers", 
    "activityTypeHash": 4110605575, 
    "bundleHash": 1624947721, 
    "destinationHash": 2897855902, 
    "hash": 0, 
    "icon": "/img/misc/missing_icon.png", 
    "index": 0, 
    "placeHash": 596872852, 
    "releaseIcon": "/common/destiny_content/icons/95baf9975a03e53d6e10ea58a0b1d013.png", 
    "releaseTime": 0
}