{
    "activityDescription": "The Darkness gathers as the Fallen prepare the return of one of their Archon Priests.", 
    "activityHashes": [
        1628212869, 
        1628212868, 
        1628212871
    ], 
    "activityName": "Weekly Heroic Strike", 
    "activityTypeHash": 575572995, 
    "bundleHash": 1628212868, 
    "destinationHash": 518553403, 
    "hash": 0, 
    "icon": "/img/misc/missing_icon.png", 
    "index": 0, 
    "placeHash": 3871070152, 
    "releaseIcon": "/img/misc/missing_icon.png", 
    "releaseTime": 0
}