{
    "activityDescription": "Descend into the Hellmouth and find the sacrificial chambers.", 
    "activityHashes": [
        1714839224
    ], 
    "activityName": "Ritual of Sacrifice", 
    "activityTypeHash": 1801258597, 
    "bundleHash": 1714839224, 
    "destinationHash": 4233735899, 
    "hash": 0, 
    "icon": "/img/misc/missing_icon.png", 
    "index": 0, 
    "placeHash": 3128647858, 
    "releaseIcon": "/common/destiny_content/icons/0b318e4cc7c6dfce0e89d922a0327a8d.png", 
    "releaseTime": 0
}