{
    "activityDescription": "\"It's a tactical exercise in reinforcing and defending acquired territory. Should the Vanguard ever decide to expand past the walls of the City, the Guardians will be ready.\" \u2014Lord Shaxx\n\nAll-out team warfare. Destroy the enemy. No trackers and simplified scoring.", 
    "activityHashes": [
        1783047867
    ], 
    "activityName": "Inferno Control", 
    "activityTypeHash": 2691931425, 
    "bundleHash": 1783047867, 
    "destinationHash": 2777041980, 
    "hash": 0, 
    "icon": "/img/misc/missing_icon.png", 
    "index": 0, 
    "placeHash": 4088006058, 
    "releaseIcon": "/common/destiny_content/icons/95baf9975a03e53d6e10ea58a0b1d013.png", 
    "releaseTime": 0
}