{
    "activityDescription": "Hunt the source of the Taken blight across the Cosmodrome.", 
    "activityHashes": [
        2008529245, 
        2197680969
    ], 
    "activityName": "Kings of Decay", 
    "activityTypeHash": 1801258597, 
    "bundleHash": 2008529245, 
    "destinationHash": 3393213630, 
    "hash": 0, 
    "icon": "/img/misc/missing_icon.png", 
    "index": 0, 
    "placeHash": 3747705955, 
    "releaseIcon": "/common/destiny_content/icons/95baf9975a03e53d6e10ea58a0b1d013.png", 
    "releaseTime": 0
}