{
    "activityDescription": "\"Enjoy yourselves, Guardians.\" \u2014Lord Shaxx\n\nEmbrace the chaos. Greatly increased ability recharge rates. Faster Special and Heavy Ammo spawns. No respawn delay. Scoring values multiplied by 10.", 
    "activityHashes": [
        2063852581
    ], 
    "activityName": "Mayhem Clash", 
    "activityTypeHash": 3323301749, 
    "bundleHash": 2063852581, 
    "destinationHash": 2777041980, 
    "hash": 0, 
    "icon": "/img/misc/missing_icon.png", 
    "index": 0, 
    "placeHash": 4088006058, 
    "releaseIcon": "/common/destiny_content/icons/95baf9975a03e53d6e10ea58a0b1d013.png", 
    "releaseTime": 0
}