{
    "activityDescription": "Qodron, a Vex chronovore, sees only one outcome: your demise. Prove it wrong.", 
    "activityHashes": [
        2074618692
    ], 
    "activityName": "The Forever Eater", 
    "activityTypeHash": 3705723572, 
    "bundleHash": 2074618692, 
    "destinationHash": 3393905939, 
    "hash": 0, 
    "icon": "/img/misc/missing_icon.png", 
    "index": 0, 
    "placeHash": 2512485647, 
    "releaseIcon": "/common/destiny_content/icons/b9848586b7660a42a5460d4b898cf115.png", 
    "releaseTime": 0
}