{
    "activityDescription": "Establish patrol routes and beacon sites on the Hive Dreadnaught for the Vanguard.", 
    "activityHashes": [
        2084307227
    ], 
    "activityName": "Dread Patrol", 
    "activityTypeHash": 1801258597, 
    "bundleHash": 2084307227, 
    "destinationHash": 2897855902, 
    "hash": 0, 
    "icon": "/img/misc/missing_icon.png", 
    "index": 0, 
    "placeHash": 596872852, 
    "releaseIcon": "/common/destiny_content/icons/95baf9975a03e53d6e10ea58a0b1d013.png", 
    "releaseTime": 0
}