{
    "activityDescription": "\"This all started as a Warlock focus drill. The things I've seen them do with Rifts would be...very useful on a battlefield.\" \u2014Lord Shaxx \n\nCollect the Spark and ignite the enemy's Rift with it. Impress the Lords of Iron.", 
    "activityHashes": [
        211678003
    ], 
    "activityName": "Iron Banner Rift", 
    "activityTypeHash": 308891298, 
    "bundleHash": 211678003, 
    "destinationHash": 2777041980, 
    "hash": 0, 
    "icon": "/img/misc/missing_icon.png", 
    "index": 0, 
    "placeHash": 4088006058, 
    "releaseIcon": "/common/destiny_content/icons/95baf9975a03e53d6e10ea58a0b1d013.png", 
    "releaseTime": 0
}