{
    "activityDescription": "Deep within the Hellmouth, the Hive are breeding powerful abominations to unleash upon Earth. Find the pit where they live and stop any new horrors from rising.", 
    "activityHashes": [
        212088538
    ], 
    "activityName": "The Summoning Pits", 
    "activityTypeHash": 4110605575, 
    "bundleHash": 212088538, 
    "destinationHash": 4233735899, 
    "hash": 0, 
    "icon": "/img/misc/missing_icon.png", 
    "index": 0, 
    "placeHash": 3128647858, 
    "releaseIcon": "/img/misc/missing_icon.png", 
    "releaseTime": 0
}