{
    "activityDescription": "Enter the Sunless Cell and destroy Thracu, Warden of Oryx.", 
    "activityHashes": [
        2234107290
    ], 
    "activityName": "The Sunless Cell", 
    "activityTypeHash": 4110605575, 
    "bundleHash": 2234107290, 
    "destinationHash": 2897855902, 
    "hash": 0, 
    "icon": "/img/misc/missing_icon.png", 
    "index": 0, 
    "placeHash": 596872852, 
    "releaseIcon": "/common/destiny_content/icons/95baf9975a03e53d6e10ea58a0b1d013.png", 
    "releaseTime": 0
}