{
    "activityDescription": "\"Your allies are your lifeblood. No second chances except the ones you give.\" \u2014Lord Shaxx \n\nSmall-team tactics. Revive teammates to keep fighting. Bring down the entire opposing team to claim victory.", 
    "activityHashes": [
        2263964303
    ], 
    "activityName": "Elimination", 
    "activityTypeHash": 39921727, 
    "bundleHash": 2263964303, 
    "destinationHash": 2777041980, 
    "hash": 0, 
    "icon": "/img/misc/missing_icon.png", 
    "index": 0, 
    "placeHash": 4088006058, 
    "releaseIcon": "/common/destiny_content/icons/95baf9975a03e53d6e10ea58a0b1d013.png", 
    "releaseTime": 0
}