{
    "activityDescription": "Skolas and his crew challenge the Guardians who captured him. Face him with a Fireteam of three. End him.", 
    "activityHashes": [
        2326253031
    ], 
    "activityName": "Skolas's Revenge", 
    "activityTypeHash": 3705723572, 
    "bundleHash": 2326253031, 
    "destinationHash": 3393905939, 
    "hash": 0, 
    "icon": "/img/misc/missing_icon.png", 
    "index": 0, 
    "placeHash": 2512485647, 
    "releaseIcon": "/common/destiny_content/icons/b9848586b7660a42a5460d4b898cf115.png", 
    "releaseTime": 0
}