{
    "activityDescription": "Return to the base on Phobos. Destroy the blighted source on Mars.", 
    "activityHashes": [
        2333767699
    ], 
    "activityName": "Fear's Embrace", 
    "activityTypeHash": 1801258597, 
    "bundleHash": 2333767699, 
    "destinationHash": 3705523133, 
    "hash": 0, 
    "icon": "/img/misc/missing_icon.png", 
    "index": 0, 
    "placeHash": 3114284952, 
    "releaseIcon": "/common/destiny_content/icons/95baf9975a03e53d6e10ea58a0b1d013.png", 
    "releaseTime": 0
}