{
    "activityDescription": "Travel to Phobos and investigate the Cabal distress signal.", 
    "activityHashes": [
        2369296916
    ], 
    "activityName": "The Coming War", 
    "activityTypeHash": 1299744814, 
    "bundleHash": 2369296916, 
    "destinationHash": 3705523133, 
    "hash": 0, 
    "icon": "/img/misc/missing_icon.png", 
    "index": 0, 
    "placeHash": 3114284952, 
    "releaseIcon": "/common/destiny_content/icons/95baf9975a03e53d6e10ea58a0b1d013.png", 
    "releaseTime": 0
}