{
    "activityDescription": "Using the stealth code, travel deep into the heart of the Hellmouth and slip away with a sliver of Crota's soul.", 
    "activityHashes": [
        2503808507, 
        1017714251
    ], 
    "activityName": "Last Rites", 
    "activityTypeHash": 1686739444, 
    "bundleHash": 2503808507, 
    "destinationHash": 4233735899, 
    "hash": 0, 
    "icon": "/img/misc/missing_icon.png", 
    "index": 0, 
    "placeHash": 3128647858, 
    "releaseIcon": "/common/destiny_content/icons/95baf9975a03e53d6e10ea58a0b1d013.png", 
    "releaseTime": 0
}