{
    "activityDescription": "Cayde and Amanda Holliday fit a stealth drive to Eris Morn's ship.", 
    "activityHashes": [
        252347595
    ], 
    "activityName": "Hangar Stakes", 
    "activityTypeHash": 2201105581, 
    "bundleHash": 252347595, 
    "destinationHash": 2612139675, 
    "hash": 0, 
    "icon": "/img/misc/missing_icon.png", 
    "index": 0, 
    "placeHash": 3747705955, 
    "releaseIcon": "/common/destiny_content/icons/95baf9975a03e53d6e10ea58a0b1d013.png", 
    "releaseTime": 0
}