{
    "activityDescription": "Investigate the signal coming from the Vault of Glass.", 
    "activityHashes": [
        2577060487, 
        2286628407
    ], 
    "activityName": "Paradox", 
    "activityTypeHash": 1686739444, 
    "bundleHash": 2577060487, 
    "destinationHash": 518553403, 
    "hash": 0, 
    "icon": "/img/misc/missing_icon.png", 
    "index": 0, 
    "placeHash": 3871070152, 
    "releaseIcon": "/common/destiny_content/icons/95baf9975a03e53d6e10ea58a0b1d013.png", 
    "releaseTime": 0
}