{
    "activityDescription": "\"Pure combat. Your only job is to make sure you're still standing when the dust settles.\" \u2014Lord Shaxx \n\nKill everything. Watch your back.", 
    "activityHashes": [
        260615043
    ], 
    "activityName": "Rumble", 
    "activityTypeHash": 3695721985, 
    "bundleHash": 260615043, 
    "destinationHash": 2777041980, 
    "hash": 0, 
    "icon": "/img/misc/missing_icon.png", 
    "index": 0, 
    "placeHash": 4088006058, 
    "releaseIcon": "/common/destiny_content/icons/95baf9975a03e53d6e10ea58a0b1d013.png", 
    "releaseTime": 0
}