{
    "activityDescription": "Fight the Vex in an Arc storm on Mars. Learn to walk the Stormcaller's path.", 
    "activityHashes": [
        2662709104
    ], 
    "activityName": "Bottle the Arc", 
    "activityTypeHash": 2881466965, 
    "bundleHash": 2662709104, 
    "destinationHash": 4072959335, 
    "hash": 0, 
    "icon": "/img/misc/missing_icon.png", 
    "index": 0, 
    "placeHash": 2809578934, 
    "releaseIcon": "/common/destiny_content/icons/95baf9975a03e53d6e10ea58a0b1d013.png", 
    "releaseTime": 0
}