{
    "activityDescription": "The Darkness gathers around Sepiks Prime as it absorbs the essence of everything the Fallen can steal.", 
    "activityHashes": [
        493857039, 
        2697969178, 
        1985034593, 
        572368820, 
        1142225067, 
        3209623958, 
        1889399773, 
        300506688, 
        3731091063, 
        291350530
    ], 
    "activityName": "Weekly Nightfall Strike", 
    "activityTypeHash": 575572995, 
    "bundleHash": 2697969178, 
    "destinationHash": 3393213630, 
    "hash": 0, 
    "icon": "/img/misc/missing_icon.png", 
    "index": 0, 
    "placeHash": 3747705955, 
    "releaseIcon": "/img/misc/missing_icon.png", 
    "releaseTime": 0
}