{
    "activityDescription": "Head to Venus in search of the Sunbreakers, a mercenary clan of Titans.", 
    "activityHashes": [
        2708547287
    ], 
    "activityName": "A March of Fire", 
    "activityTypeHash": 2881466965, 
    "bundleHash": 2708547287, 
    "destinationHash": 518553403, 
    "hash": 0, 
    "icon": "/img/misc/missing_icon.png", 
    "index": 0, 
    "placeHash": 3871070152, 
    "releaseIcon": "/common/destiny_content/icons/95baf9975a03e53d6e10ea58a0b1d013.png", 
    "releaseTime": 0
}