{
    "activityDescription": "Scour the Cosmodrome for Skolas and the invading Wolves.", 
    "activityHashes": [
        2790114296, 
        1783564050
    ], 
    "activityName": "The Ruling House", 
    "activityTypeHash": 1686739444, 
    "bundleHash": 2790114296, 
    "destinationHash": 3393213630, 
    "hash": 0, 
    "icon": "/img/misc/missing_icon.png", 
    "index": 0, 
    "placeHash": 3747705955, 
    "releaseIcon": "/common/destiny_content/icons/b9848586b7660a42a5460d4b898cf115.png", 
    "releaseTime": 0
}