{
    "activityDescription": "Stop a coven within the heart of the dreadnaught from creating a powerful Taken warbeast.", 
    "activityHashes": [
        2918909691
    ], 
    "activityName": "Summoner's Circle", 
    "activityTypeHash": 1686739444, 
    "bundleHash": 2918909691, 
    "destinationHash": 2897855902, 
    "hash": 0, 
    "icon": "/img/misc/missing_icon.png", 
    "index": 0, 
    "placeHash": 596872852, 
    "releaseIcon": "/common/destiny_content/icons/95baf9975a03e53d6e10ea58a0b1d013.png", 
    "releaseTime": 0
}