{
    "activityDescription": "\"It takes improvisation to win with what you find on the battlefield.\" \u2014Lord Shaxx\n\nTake the Armament and destroy your foes.", 
    "activityHashes": [
        2926133958
    ], 
    "activityName": "Arsenal", 
    "activityTypeHash": 1030667770, 
    "bundleHash": 2926133958, 
    "destinationHash": 2777041980, 
    "hash": 0, 
    "icon": "/img/misc/missing_icon.png", 
    "index": 0, 
    "placeHash": 4088006058, 
    "releaseIcon": "/common/destiny_content/icons/95baf9975a03e53d6e10ea58a0b1d013.png", 
    "releaseTime": 0
}