{
    "activityDescription": "Head off the House of Wolves on Venus before their Kell, Skolas, can wrest control of the House of Winter.", 
    "activityHashes": [
        2931947534, 
        91984044
    ], 
    "activityName": "A Kell Rising", 
    "activityTypeHash": 1686739444, 
    "bundleHash": 2931947534, 
    "destinationHash": 518553403, 
    "hash": 0, 
    "icon": "/img/misc/missing_icon.png", 
    "index": 0, 
    "placeHash": 3871070152, 
    "releaseIcon": "/common/destiny_content/icons/b9848586b7660a42a5460d4b898cf115.png", 
    "releaseTime": 0
}