{
    "activityDescription": "\"Leave no ally behind and no enemy standing.\" \u2014Lord Shaxx \n\nSmall-team tactics. Kill the enemy. Revive teammates. No trackers and simplified scoring.", 
    "activityHashes": [
        2947742498
    ], 
    "activityName": "Inferno Doubles", 
    "activityTypeHash": 3433065842, 
    "bundleHash": 2947742498, 
    "destinationHash": 2777041980, 
    "hash": 0, 
    "icon": "/img/misc/missing_icon.png", 
    "index": 0, 
    "placeHash": 4088006058, 
    "releaseIcon": "/common/destiny_content/icons/95baf9975a03e53d6e10ea58a0b1d013.png", 
    "releaseTime": 0
}