{
    "activityDescription": "Board the Fallen Ketch above the Moon and defeat the notorious Taniks, the Scarred.", 
    "activityHashes": [
        493857039, 
        2697969178, 
        1985034593, 
        572368820, 
        1142225067, 
        3209623958, 
        1889399773, 
        300506688, 
        3731091063, 
        291350530
    ], 
    "activityName": "Weekly Nightfall Strike", 
    "activityTypeHash": 575572995, 
    "bundleHash": 300506688, 
    "destinationHash": 4233735899, 
    "hash": 0, 
    "icon": "/img/misc/missing_icon.png", 
    "index": 0, 
    "placeHash": 3128647858, 
    "releaseIcon": "/common/destiny_content/icons/b9848586b7660a42a5460d4b898cf115.png", 
    "releaseTime": 0
}