{
    "activityDescription": "This renegade Wolf was dangerous enough before he murdered one of his own Archons.", 
    "activityHashes": [
        3025411906
    ], 
    "activityName": "The Archon-Slayer", 
    "activityTypeHash": 1801258597, 
    "bundleHash": 3025411906, 
    "destinationHash": 4233735899, 
    "hash": 0, 
    "icon": "/img/misc/missing_icon.png", 
    "index": 0, 
    "placeHash": 3128647858, 
    "releaseIcon": "/common/destiny_content/icons/b9848586b7660a42a5460d4b898cf115.png", 
    "releaseTime": 0
}