{
    "activityDescription": "A ruthless Fallen mercenary commanding the Wolfship Kaliks-Syn has been spotted near the Moon. Board the Ketch and end the reign of Taniks, the Scarred.", 
    "activityHashes": [
        3097191720
    ], 
    "activityName": "The Shadow Thief", 
    "activityTypeHash": 4110605575, 
    "bundleHash": 3097191720, 
    "destinationHash": 4233735899, 
    "hash": 0, 
    "icon": "/img/misc/missing_icon.png", 
    "index": 0, 
    "placeHash": 3128647858, 
    "releaseIcon": "/common/destiny_content/icons/b9848586b7660a42a5460d4b898cf115.png", 
    "releaseTime": 0
}