{
    "activityDescription": "Hunt the Prime Servitor that has brought together the broken House of Wolves.", 
    "activityHashes": [
        3102291176, 
        2364610626
    ], 
    "activityName": "The Prime's Path", 
    "activityTypeHash": 1801258597, 
    "bundleHash": 3102291176, 
    "destinationHash": 4072959335, 
    "hash": 0, 
    "icon": "/img/misc/missing_icon.png", 
    "index": 0, 
    "placeHash": 2809578934, 
    "releaseIcon": "/common/destiny_content/icons/95baf9975a03e53d6e10ea58a0b1d013.png", 
    "releaseTime": 0
}