{
    "activityDescription": "Track down codes to raise an ancient Array and connect it to long-lost colonies throughout the solar system.", 
    "activityHashes": [
        3120351943, 
        1973631991
    ], 
    "activityName": "The Last Array", 
    "activityTypeHash": 1686739444, 
    "bundleHash": 3120351943, 
    "destinationHash": 3393213630, 
    "hash": 0, 
    "icon": "/img/misc/missing_icon.png", 
    "index": 0, 
    "placeHash": 3747705955, 
    "releaseIcon": "/img/misc/missing_icon.png", 
    "releaseTime": 0
}