{
    "activityDescription": "Break the House of Devils' grasp on the Cosmodrome and secure a vital link to the Golden Age.", 
    "activityHashes": [
        3120351937, 
        1723226893
    ], 
    "activityName": "The Warmind", 
    "activityTypeHash": 1686739444, 
    "bundleHash": 3120351937, 
    "destinationHash": 3393213630, 
    "hash": 0, 
    "icon": "/img/misc/missing_icon.png", 
    "index": 0, 
    "placeHash": 3747705955, 
    "releaseIcon": "/img/misc/missing_icon.png", 
    "releaseTime": 0
}