{
    "activityDescription": "Return to Fallen territory and hunt for parts to restore your ship's ability for interplanetary travel.", 
    "activityHashes": [
        3120351939
    ], 
    "activityName": "Restoration", 
    "activityTypeHash": 1686739444, 
    "bundleHash": 3120351939, 
    "destinationHash": 3393213630, 
    "hash": 0, 
    "icon": "/img/misc/missing_icon.png", 
    "index": 0, 
    "placeHash": 3747705955, 
    "releaseIcon": "/img/misc/missing_icon.png", 
    "releaseTime": 0
}