{
    "activityDescription": "Investigate reports of a hidden power trapped in the Cosmodrome Array stations.", 
    "activityHashes": [
        3120351938, 
        2129294976
    ], 
    "activityName": "The Dark Within", 
    "activityTypeHash": 1686739444, 
    "bundleHash": 3120351938, 
    "destinationHash": 3393213630, 
    "hash": 0, 
    "icon": "/img/misc/missing_icon.png", 
    "index": 0, 
    "placeHash": 3747705955, 
    "releaseIcon": "/img/misc/missing_icon.png", 
    "releaseTime": 0
}