{
    "activityDescription": "Find Rasputin's bunker. Defend it against the Hive attack.", 
    "activityHashes": [
        3120351941, 
        3549856929
    ], 
    "activityName": "Siege of the Warmind", 
    "activityTypeHash": 1686739444, 
    "bundleHash": 3120351941, 
    "destinationHash": 3393213630, 
    "hash": 0, 
    "icon": "/img/misc/missing_icon.png", 
    "index": 0, 
    "placeHash": 3747705955, 
    "releaseIcon": "/common/destiny_content/icons/0b318e4cc7c6dfce0e89d922a0327a8d.png", 
    "releaseTime": 0
}