{
    "activityDescription": "Survive the Dreadnaught's superweapon and establish a beachhead for the Vanguard.", 
    "activityHashes": [
        3190434637, 
        3349918649
    ], 
    "activityName": "The Dreadnaught", 
    "activityTypeHash": 1686739444, 
    "bundleHash": 3190434637, 
    "destinationHash": 2897855902, 
    "hash": 0, 
    "icon": "/img/misc/missing_icon.png", 
    "index": 0, 
    "placeHash": 596872852, 
    "releaseIcon": "/common/destiny_content/icons/95baf9975a03e53d6e10ea58a0b1d013.png", 
    "releaseTime": 0
}