{
    "activityDescription": "Confront Valus Ta'aurc, Fleet Commander of the Cabal Siege Dancers, before he destroys all of Freehold.", 
    "activityHashes": [
        493857039, 
        2697969178, 
        1985034593, 
        572368820, 
        1142225067, 
        3209623958, 
        1889399773, 
        300506688, 
        3731091063, 
        291350530
    ], 
    "activityName": "Weekly Nightfall Strike", 
    "activityTypeHash": 575572995, 
    "bundleHash": 3209623958, 
    "destinationHash": 4072959335, 
    "hash": 0, 
    "icon": "/img/misc/missing_icon.png", 
    "index": 0, 
    "placeHash": 2809578934, 
    "releaseIcon": "/img/misc/missing_icon.png", 
    "releaseTime": 0
}