{
    "activityDescription": "Board the Taken King's Dreadnaught. Prove the Vanguard's dominance over the Hive and Taken.", 
    "activityHashes": [
        3210106079
    ], 
    "activityName": "Patrol the Dreadnaught", 
    "activityTypeHash": 3497767639, 
    "bundleHash": 3210106079, 
    "destinationHash": 2897855902, 
    "hash": 0, 
    "icon": "/img/misc/missing_icon.png", 
    "index": 0, 
    "placeHash": 596872852, 
    "releaseIcon": "/common/destiny_content/icons/95baf9975a03e53d6e10ea58a0b1d013.png", 
    "releaseTime": 0
}