{
    "activityDescription": "Using the power of ascendance, pass through the rupture and put an end to the Taken King.", 
    "activityHashes": [
        3263216023, 
        3674885127
    ], 
    "activityName": "Regicide", 
    "activityTypeHash": 1686739444, 
    "bundleHash": 3263216023, 
    "destinationHash": 2897855902, 
    "hash": 0, 
    "icon": "/img/misc/missing_icon.png", 
    "index": 0, 
    "placeHash": 596872852, 
    "releaseIcon": "/common/destiny_content/icons/95baf9975a03e53d6e10ea58a0b1d013.png", 
    "releaseTime": 0
}