{
    "activityDescription": "The Golden Age legends tell of ancient tunnels below the Academy, where a Vex machine once ate away at the planet. Descend into the old dig sites and find this Nexus before it churns again.", 
    "activityHashes": [
        3292305210
    ], 
    "activityName": "The Nexus", 
    "activityTypeHash": 4110605575, 
    "bundleHash": 3292305210, 
    "destinationHash": 518553403, 
    "hash": 0, 
    "icon": "/img/misc/missing_icon.png", 
    "index": 0, 
    "placeHash": 3871070152, 
    "releaseIcon": "/img/misc/missing_icon.png", 
    "releaseTime": 0
}