{
    "activityDescription": "As the Vex march to claim the Ishtar Sink, the Fallen House of Winter is raising a powerful Archon, stolen from the Prison of Elders in the Reef. Find the Archon before they fully restore his soul.", 
    "activityHashes": [
        3292305209
    ], 
    "activityName": "Winter's Run", 
    "activityTypeHash": 4110605575, 
    "bundleHash": 3292305209, 
    "destinationHash": 518553403, 
    "hash": 0, 
    "icon": "/img/misc/missing_icon.png", 
    "index": 0, 
    "placeHash": 3871070152, 
    "releaseIcon": "/img/misc/missing_icon.png", 
    "releaseTime": 0
}