{
    "activityDescription": "Head to the tunnels under Freehold on Mars and face down the Conductive Mind for your own source of Arc.", 
    "activityHashes": [
        3315158082
    ], 
    "activityName": "A Spark in Shadow", 
    "activityTypeHash": 2881466965, 
    "bundleHash": 3315158082, 
    "destinationHash": 4072959335, 
    "hash": 0, 
    "icon": "/img/misc/missing_icon.png", 
    "index": 0, 
    "placeHash": 2809578934, 
    "releaseIcon": "/common/destiny_content/icons/95baf9975a03e53d6e10ea58a0b1d013.png", 
    "releaseTime": 0
}