{
    "activityDescription": "Track a signal from the crashed Cabal ship. Board the Dreadnaught and put an end to this transmission to the stars.", 
    "activityHashes": [
        3343284688, 
        2507671226
    ], 
    "activityName": "Outbound Signal", 
    "activityTypeHash": 1686739444, 
    "bundleHash": 3343284688, 
    "destinationHash": 2897855902, 
    "hash": 0, 
    "icon": "/img/misc/missing_icon.png", 
    "index": 0, 
    "placeHash": 596872852, 
    "releaseIcon": "/common/destiny_content/icons/95baf9975a03e53d6e10ea58a0b1d013.png", 
    "releaseTime": 0
}