{
    "activityDescription": "Lure out the Vex Gate Lord that protects the Endless Steps and bring its head back to the Awoken.", 
    "activityHashes": [
        3399843406, 
        1030188908
    ], 
    "activityName": "Eye of a Gate Lord", 
    "activityTypeHash": 1686739444, 
    "bundleHash": 3399843406, 
    "destinationHash": 518553403, 
    "hash": 0, 
    "icon": "/img/misc/missing_icon.png", 
    "index": 0, 
    "placeHash": 3871070152, 
    "releaseIcon": "/img/misc/missing_icon.png", 
    "releaseTime": 0
}