{
    "activityDescription": "Unravel the secrets of the Vex by reviving an ancient research station of the Ishtar Collective.", 
    "activityHashes": [
        3399843403, 
        2213151771
    ], 
    "activityName": "Ishtar Collective", 
    "activityTypeHash": 1686739444, 
    "bundleHash": 3399843403, 
    "destinationHash": 518553403, 
    "hash": 0, 
    "icon": "/img/misc/missing_icon.png", 
    "index": 0, 
    "placeHash": 3871070152, 
    "releaseIcon": "/img/misc/missing_icon.png", 
    "releaseTime": 0
}