{
    "activityDescription": "Hunt and kill Draksis, the House of Winter's Kell, hiding deep in the caves of the Ishtar Sink.", 
    "activityHashes": [
        3399843407, 
        1080191247
    ], 
    "activityName": "Scourge of Winter", 
    "activityTypeHash": 1686739444, 
    "bundleHash": 3399843407, 
    "destinationHash": 518553403, 
    "hash": 0, 
    "icon": "/img/misc/missing_icon.png", 
    "index": 0, 
    "placeHash": 3871070152, 
    "releaseIcon": "/img/misc/missing_icon.png", 
    "releaseTime": 0
}