{
    "activityDescription": "Find the Collective's lost Archive, sealed for centuries, in a vault deep beneath the Ishtar Academy.", 
    "activityHashes": [
        3399843404, 
        3784570118
    ], 
    "activityName": "The Archive", 
    "activityTypeHash": 1686739444, 
    "bundleHash": 3399843404, 
    "destinationHash": 518553403, 
    "hash": 0, 
    "icon": "/img/misc/missing_icon.png", 
    "index": 0, 
    "placeHash": 3871070152, 
    "releaseIcon": "/img/misc/missing_icon.png", 
    "releaseTime": 0
}