{
    "activityDescription": "Follow the Stranger's coordinates to a legendary colony lost in the jungles of Venus.", 
    "activityHashes": [
        3399843400, 
        2321224098
    ], 
    "activityName": "A Stranger's Call", 
    "activityTypeHash": 1686739444, 
    "bundleHash": 3399843400, 
    "destinationHash": 518553403, 
    "hash": 0, 
    "icon": "/img/misc/missing_icon.png", 
    "index": 0, 
    "placeHash": 3871070152, 
    "releaseIcon": "/img/misc/missing_icon.png", 
    "releaseTime": 0
}