{
    "activityDescription": "Investigate the rumors of a Taken coven in the Cosmodrome.", 
    "activityHashes": [
        3422924470, 
        2624694148
    ], 
    "activityName": "Blighted Coven", 
    "activityTypeHash": 1801258597, 
    "bundleHash": 3422924470, 
    "destinationHash": 3393213630, 
    "hash": 0, 
    "icon": "/img/misc/missing_icon.png", 
    "index": 0, 
    "placeHash": 3747705955, 
    "releaseIcon": "/common/destiny_content/icons/95baf9975a03e53d6e10ea58a0b1d013.png", 
    "releaseTime": 0
}