{
    "activityDescription": "Rush to the aid of the AI Warmind Rasputin as he broadcasts a plea for help across the system.", 
    "activityHashes": [
        34327100
    ], 
    "activityName": "Fallen S.A.B.E.R.", 
    "activityTypeHash": 4110605575, 
    "bundleHash": 34327100, 
    "destinationHash": 3393213630, 
    "hash": 0, 
    "icon": "/img/misc/missing_icon.png", 
    "index": 0, 
    "placeHash": 3747705955, 
    "releaseIcon": "/common/destiny_content/icons/95baf9975a03e53d6e10ea58a0b1d013.png", 
    "releaseTime": 0
}