{
    "activityDescription": "Face the Fist of Crota leading the Spawn on Earth.", 
    "activityHashes": [
        3473815980, 
        2701768038
    ], 
    "activityName": "Fist of Crota", 
    "activityTypeHash": 1686739444, 
    "bundleHash": 3473815980, 
    "destinationHash": 3393213630, 
    "hash": 0, 
    "icon": "/img/misc/missing_icon.png", 
    "index": 0, 
    "placeHash": 3747705955, 
    "releaseIcon": "/common/destiny_content/icons/0b318e4cc7c6dfce0e89d922a0327a8d.png", 
    "releaseTime": 0
}