{
    "activityDescription": "The death of Crota was a beacon, a signal cast across the stars. The night has answered.", 
    "activityHashes": [
        3493774909
    ], 
    "activityName": "The Taken King: Prelude", 
    "activityTypeHash": 2201105581, 
    "bundleHash": 3493774909, 
    "destinationHash": 2897855902, 
    "hash": 0, 
    "icon": "/img/misc/missing_icon.png", 
    "index": 0, 
    "placeHash": 596872852, 
    "releaseIcon": "/common/destiny_content/icons/95baf9975a03e53d6e10ea58a0b1d013.png", 
    "releaseTime": 0
}