{
    "activityDescription": "Gulrot, Unclean has been summoned by the Worm Keepers. Don't let the beast's filth spread beyond the prison.", 
    "activityHashes": [
        3508129770
    ], 
    "activityName": "Cult of the Worm", 
    "activityTypeHash": 3705723572, 
    "bundleHash": 3508129770, 
    "destinationHash": 3393905939, 
    "hash": 0, 
    "icon": "/img/misc/missing_icon.png", 
    "index": 0, 
    "placeHash": 2512485647, 
    "releaseIcon": "/common/destiny_content/icons/b9848586b7660a42a5460d4b898cf115.png", 
    "releaseTime": 0
}