{
    "activityDescription": "\"There's a rousing demand\u2014from participants and spectators\u2014for Legacy match types and arenas in the Crucible. I give them gladly.\" \u2014Lord Shaxx \n\nRumble on Year 1 maps.", 
    "activityHashes": [
        351673577
    ], 
    "activityName": "Classic Free-For-All", 
    "activityTypeHash": 3597531865, 
    "bundleHash": 351673577, 
    "destinationHash": 2777041980, 
    "hash": 0, 
    "icon": "/img/misc/missing_icon.png", 
    "index": 0, 
    "placeHash": 4088006058, 
    "releaseIcon": "/img/misc/missing_icon.png", 
    "releaseTime": 0
}