{
    "activityDescription": "\"Leave no ally behind, and no enemy standing.\" \u2014Lord Shaxx \n\nSmall-team tactics. Kill the enemy. Revive teammates.", 
    "activityHashes": [
        3527709396
    ], 
    "activityName": "Skirmish", 
    "activityTypeHash": 3990775146, 
    "bundleHash": 3527709396, 
    "destinationHash": 2777041980, 
    "hash": 0, 
    "icon": "/img/misc/missing_icon.png", 
    "index": 0, 
    "placeHash": 4088006058, 
    "releaseIcon": "/common/destiny_content/icons/95baf9975a03e53d6e10ea58a0b1d013.png", 
    "releaseTime": 0
}