{
    "activityDescription": "Track Skolas and his crew of Wolves along the Ishtar Cliffs.", 
    "activityHashes": [
        3575840788, 
        1309514270
    ], 
    "activityName": "Wolves' Gambit", 
    "activityTypeHash": 1686739444, 
    "bundleHash": 3575840788, 
    "destinationHash": 518553403, 
    "hash": 0, 
    "icon": "/img/misc/missing_icon.png", 
    "index": 0, 
    "placeHash": 3871070152, 
    "releaseIcon": "/common/destiny_content/icons/b9848586b7660a42a5460d4b898cf115.png", 
    "releaseTime": 0
}