{
    "activityDescription": "The Hive are on Earth, and the Speaker will need your assistance in meeting the threat.", 
    "activityHashes": [
        3635588435, 
        1427585666
    ], 
    "activityName": "The Speaker", 
    "activityTypeHash": 1299744814, 
    "bundleHash": 3635588435, 
    "destinationHash": 2612139675, 
    "hash": 0, 
    "icon": "/img/misc/missing_icon.png", 
    "index": 0, 
    "placeHash": 3747705955, 
    "releaseIcon": "/img/misc/missing_icon.png", 
    "releaseTime": 0
}