{
    "activityDescription": "Only those who have proven their worth may enter the Trials.\n\nA string of victories will earn great rewards, but lose too many matches and your access will be denied.", 
    "activityHashes": [
        3670262295
    ], 
    "activityName": "Trials of Osiris", 
    "activityTypeHash": 736189348, 
    "bundleHash": 3670262295, 
    "destinationHash": 2777041980, 
    "hash": 0, 
    "icon": "/img/misc/missing_icon.png", 
    "index": 0, 
    "placeHash": 4088006058, 
    "releaseIcon": "/common/destiny_content/icons/95baf9975a03e53d6e10ea58a0b1d013.png", 
    "releaseTime": 0
}