{
    "activityDescription": "The Taken King revels in his triumph over the Cabal on Phobos.", 
    "activityHashes": [
        3700036317
    ], 
    "activityName": "Oryx Triumphant", 
    "activityTypeHash": 1299744814, 
    "bundleHash": 3700036317, 
    "destinationHash": 2897855902, 
    "hash": 0, 
    "icon": "/img/misc/missing_icon.png", 
    "index": 0, 
    "placeHash": 596872852, 
    "releaseIcon": "/common/destiny_content/icons/95baf9975a03e53d6e10ea58a0b1d013.png", 
    "releaseTime": 0
}