{
    "activityDescription": "Hold the line against the Vex of the Black Garden and save the Nightstalker Tevis.", 
    "activityHashes": [
        3705341715
    ], 
    "activityName": "A Ranger Found", 
    "activityTypeHash": 2881466965, 
    "bundleHash": 3705341715, 
    "destinationHash": 4072959335, 
    "hash": 0, 
    "icon": "/img/misc/missing_icon.png", 
    "index": 0, 
    "placeHash": 2809578934, 
    "releaseIcon": "/common/destiny_content/icons/95baf9975a03e53d6e10ea58a0b1d013.png", 
    "releaseTime": 0
}