{
    "activityDescription": "Scale the Vex Citadel and hunt down the source of Venus's blight.", 
    "activityHashes": [
        3708806801, 
        2393458461
    ], 
    "activityName": "Entropy's Pinnacle", 
    "activityTypeHash": 1801258597, 
    "bundleHash": 3708806801, 
    "destinationHash": 518553403, 
    "hash": 0, 
    "icon": "/img/misc/missing_icon.png", 
    "index": 0, 
    "placeHash": 3871070152, 
    "releaseIcon": "/common/destiny_content/icons/95baf9975a03e53d6e10ea58a0b1d013.png", 
    "releaseTime": 0
}