{
    "activityDescription": "Follow the trail of a Guardian who went dark searching for a way into the Hive Fortress.", 
    "activityHashes": [
        3711414564, 
        2051444910
    ], 
    "activityName": "The Dark Beyond", 
    "activityTypeHash": 1686739444, 
    "bundleHash": 3711414564, 
    "destinationHash": 4233735899, 
    "hash": 0, 
    "icon": "/img/misc/missing_icon.png", 
    "index": 0, 
    "placeHash": 3128647858, 
    "releaseIcon": "/img/misc/missing_icon.png", 
    "releaseTime": 0
}