{
    "activityDescription": "Go to the Temple of Crota and destroy Crota's soul.", 
    "activityHashes": [
        3711414562, 
        455063520
    ], 
    "activityName": "The Wakening", 
    "activityTypeHash": 1686739444, 
    "bundleHash": 3711414562, 
    "destinationHash": 4233735899, 
    "hash": 0, 
    "icon": "/img/misc/missing_icon.png", 
    "index": 0, 
    "placeHash": 3128647858, 
    "releaseIcon": "/common/destiny_content/icons/0b318e4cc7c6dfce0e89d922a0327a8d.png", 
    "releaseTime": 0
}