{
    "activityDescription": "Search the darkest corners of the Hellmouth for the fabled Shrine and destroy it.", 
    "activityHashes": [
        3711414563, 
        3464398659
    ], 
    "activityName": "Shrine of Oryx", 
    "activityTypeHash": 1686739444, 
    "bundleHash": 3711414563, 
    "destinationHash": 4233735899, 
    "hash": 0, 
    "icon": "/img/misc/missing_icon.png", 
    "index": 0, 
    "placeHash": 3128647858, 
    "releaseIcon": "/img/misc/missing_icon.png", 
    "releaseTime": 0
}