{
    "activityDescription": "Descend into the Hellmouth to a Hive library which holds ancient secrets they have ripped from Earth.", 
    "activityHashes": [
        3711414566, 
        982298740
    ], 
    "activityName": "The World's Grave", 
    "activityTypeHash": 1686739444, 
    "bundleHash": 3711414566, 
    "destinationHash": 4233735899, 
    "hash": 0, 
    "icon": "/img/misc/missing_icon.png", 
    "index": 0, 
    "placeHash": 3128647858, 
    "releaseIcon": "/img/misc/missing_icon.png", 
    "releaseTime": 0
}