{
    "activityDescription": "Scour the Hive Fortress for a chamber where the Speaker believes a dark ritual is silencing the Traveler.", 
    "activityHashes": [
        3711414560, 
        2327910410
    ], 
    "activityName": "Chamber of Night", 
    "activityTypeHash": 1686739444, 
    "bundleHash": 3711414560, 
    "destinationHash": 4233735899, 
    "hash": 0, 
    "icon": "/img/misc/missing_icon.png", 
    "index": 0, 
    "placeHash": 3128647858, 
    "releaseIcon": "/img/misc/missing_icon.png", 
    "releaseTime": 0
}