{
    "activityDescription": "Infiltrate the Hive Fortress and destroy the legendary Sword of Crota, a weapon once used to slay thousands of Guardians.", 
    "activityHashes": [
        3711414561, 
        28695277
    ], 
    "activityName": "The Sword of Crota", 
    "activityTypeHash": 1686739444, 
    "bundleHash": 3711414561, 
    "destinationHash": 4233735899, 
    "hash": 0, 
    "icon": "/img/misc/missing_icon.png", 
    "index": 0, 
    "placeHash": 3128647858, 
    "releaseIcon": "/img/misc/missing_icon.png", 
    "releaseTime": 0
}