{
    "activityDescription": "Ascend the Devil's Spire and outrace the Darkness that follows close behind.", 
    "activityHashes": [
        3715085142
    ], 
    "activityName": "Shadow Call", 
    "activityTypeHash": 2881466965, 
    "bundleHash": 3715085142, 
    "destinationHash": 3393213630, 
    "hash": 0, 
    "icon": "/img/misc/missing_icon.png", 
    "index": 0, 
    "placeHash": 3747705955, 
    "releaseIcon": "/common/destiny_content/icons/95baf9975a03e53d6e10ea58a0b1d013.png", 
    "releaseTime": 0
}