{
    "activityDescription": "Assault the Cabal ship crashed on the Dreadnaught. Learn what they know about Oryx and his defenses.", 
    "activityHashes": [
        3974631085, 
        3200293401
    ], 
    "activityName": "Enemy of My Enemy", 
    "activityTypeHash": 1686739444, 
    "bundleHash": 3974631085, 
    "destinationHash": 2897855902, 
    "hash": 0, 
    "icon": "/img/misc/missing_icon.png", 
    "index": 0, 
    "placeHash": 596872852, 
    "releaseIcon": "/common/destiny_content/icons/95baf9975a03e53d6e10ea58a0b1d013.png", 
    "releaseTime": 0
}