{
    "activityDescription": "Valus Trau'ug seeks to prove his might by crushing all who challenge him.", 
    "activityHashes": [
        4079642013
    ], 
    "activityName": "Broken Legion", 
    "activityTypeHash": 3705723572, 
    "bundleHash": 4079642013, 
    "destinationHash": 3393905939, 
    "hash": 0, 
    "icon": "/img/misc/missing_icon.png", 
    "index": 0, 
    "placeHash": 2512485647, 
    "releaseIcon": "/common/destiny_content/icons/b9848586b7660a42a5460d4b898cf115.png", 
    "releaseTime": 0
}