{
    "activityDescription": "Ascend a colony ship in the Cosmodrome in search of Cayde's lost cache.", 
    "activityHashes": [
        4087776066, 
        1226857472
    ], 
    "activityName": "Cayde's Stash", 
    "activityTypeHash": 1686739444, 
    "bundleHash": 4087776066, 
    "destinationHash": 3393213630, 
    "hash": 0, 
    "icon": "/img/misc/missing_icon.png", 
    "index": 0, 
    "placeHash": 3747705955, 
    "releaseIcon": "/common/destiny_content/icons/95baf9975a03e53d6e10ea58a0b1d013.png", 
    "releaseTime": 0
}