{
    "activityDescription": "\"Treasures and forgotten tech lie waiting in the wake of the Golden Age's collapse. One must be swift and fierce to claim them.\" \u2014Lord Shaxx \n\nRace the other team to capture and hold relics. No trackers and simplified scoring.", 
    "activityHashes": [
        4129878327
    ], 
    "activityName": "Inferno Salvage", 
    "activityTypeHash": 3923114990, 
    "bundleHash": 4129878327, 
    "destinationHash": 2777041980, 
    "hash": 0, 
    "icon": "/img/misc/missing_icon.png", 
    "index": 0, 
    "placeHash": 4088006058, 
    "releaseIcon": "/common/destiny_content/icons/95baf9975a03e53d6e10ea58a0b1d013.png", 
    "releaseTime": 0
}