{
    "activityDescription": "\"No mercy. No hesitation. It'll take nothing less to defeat the Darkness.\" \u2014Lord Shaxx \n\nAll-out team warfare. Destroy the enemy. Impress the Lords of Iron.", 
    "activityHashes": [
        4168247421
    ], 
    "activityName": "Iron Banner Clash", 
    "activityTypeHash": 3432675002, 
    "bundleHash": 4168247421, 
    "destinationHash": 2777041980, 
    "hash": 0, 
    "icon": "/img/misc/missing_icon.png", 
    "index": 0, 
    "placeHash": 4088006058, 
    "releaseIcon": "/common/destiny_content/icons/95baf9975a03e53d6e10ea58a0b1d013.png", 
    "releaseTime": 0
}