{
    "activityDescription": "Board the Fallen Ketch above the Moon and defeat the notorious Taniks, the Scarred.", 
    "activityHashes": [
        4175179544, 
        1398976307, 
        1398976306, 
        1398976305, 
        308091854, 
        3125074505, 
        2270968444, 
        1031478183, 
        1031478182, 
        1031478181, 
        403726674, 
        1657401677, 
        706472064, 
        4175179545, 
        308091855, 
        3125074504, 
        2270968445, 
        403726675, 
        1657401676, 
        706472065, 
        4175179546, 
        308091852, 
        3125074507, 
        2270968446, 
        403726672, 
        1657401679, 
        706472066
    ], 
    "activityName": "Weekly Heroic Strike", 
    "activityTypeHash": 4164571395, 
    "bundleHash": 4175179544, 
    "destinationHash": 4233735899, 
    "hash": 0, 
    "icon": "/img/misc/missing_icon.png", 
    "index": 0, 
    "placeHash": 3128647858, 
    "releaseIcon": "/common/destiny_content/icons/b9848586b7660a42a5460d4b898cf115.png", 
    "releaseTime": 0
}