{
    "activityDescription": "\"Pure combat. Your only job is to make sure you're still standing when the dust settles.\" \u2014Lord Shaxx \n\nKill everything. Watch your back. No trackers. Only kills earn points.", 
    "activityHashes": [
        4196724507
    ], 
    "activityName": "Inferno Rumble", 
    "activityTypeHash": 55476966, 
    "bundleHash": 4196724507, 
    "destinationHash": 2777041980, 
    "hash": 0, 
    "icon": "/img/misc/missing_icon.png", 
    "index": 0, 
    "placeHash": 4088006058, 
    "releaseIcon": "/common/destiny_content/icons/95baf9975a03e53d6e10ea58a0b1d013.png", 
    "releaseTime": 0
}