{
    "activityDescription": "The Fallen House of Devils in the Cosmodrome sustains its strength through a single Servitor known as Sepiks Prime. Find where this keeper of souls lies and destroy him.", 
    "activityHashes": [
        4227723344
    ], 
    "activityName": "The Devils' Lair", 
    "activityTypeHash": 4110605575, 
    "bundleHash": 4227723344, 
    "destinationHash": 3393213630, 
    "hash": 0, 
    "icon": "/img/misc/missing_icon.png", 
    "index": 0, 
    "placeHash": 3747705955, 
    "releaseIcon": "/img/misc/missing_icon.png", 
    "releaseTime": 0
}