{
    "activityDescription": "Slip past Rasputin's defenses and download stealth code protocols from his Golden Age database.", 
    "activityHashes": [
        4240750267, 
        1727851403
    ], 
    "activityName": "The Promethean Code", 
    "activityTypeHash": 1686739444, 
    "bundleHash": 4240750267, 
    "destinationHash": 3393213630, 
    "hash": 0, 
    "icon": "/img/misc/missing_icon.png", 
    "index": 0, 
    "placeHash": 3747705955, 
    "releaseIcon": "/common/destiny_content/icons/95baf9975a03e53d6e10ea58a0b1d013.png", 
    "releaseTime": 0
}