{
    "activityDescription": "Obtain this Quest in Destiny to learn more.", 
    "activityHash": 1005705920, 
    "activityLevel": 0, 
    "activityName": "Classified", 
    "activityPower": 0.0, 
    "activityTypeHash": 1801258597, 
    "completionFlagHash": 0, 
    "destinationHash": 0, 
    "hash": 0, 
    "icon": "/common/destiny_content/icons/7362972d87ac5ba4d55c28b2b7abc374.png", 
    "index": 0, 
    "isPlaylist": false, 
    "maxParty": 0, 
    "maxPlayers": 0, 
    "minParty": 0, 
    "pgcrImage": "/img/theme/destiny/bgs/pgcrs/the_first_firewall.jpg", 
    "placeHash": 0, 
    "releaseIcon": "/common/destiny_content/icons/95baf9975a03e53d6e10ea58a0b1d013.png", 
    "releaseTime": 0, 
    "rewards": [], 
    "skulls": [], 
    "tier": 0
}