{
    "activityDescription": "Using the stealth code, travel deep into the heart of the Hellmouth and slip away with a sliver of Crota's soul.", 
    "activityHash": 1017714251, 
    "activityLevel": 41, 
    "activityName": "Last Rites", 
    "activityPower": 0.0, 
    "activityTypeHash": 1686739444, 
    "completionFlagHash": 679255950, 
    "destinationHash": 4233735899, 
    "hash": 0, 
    "icon": "/common/destiny_content/icons/b72375855ce0d217882f1fde673fc370.png", 
    "index": 0, 
    "isPlaylist": false, 
    "maxParty": 3, 
    "maxPlayers": 3, 
    "minParty": 1, 
    "pgcrImage": "/img/theme/destiny/bgs/pgcrs/last_rites.jpg", 
    "placeHash": 3128647858, 
    "releaseIcon": "/common/destiny_content/icons/95baf9975a03e53d6e10ea58a0b1d013.png", 
    "releaseTime": 0, 
    "rewards": [
        {
            "rewardItems": [
                {
                    "itemHash": 3510203897, 
                    "value": 15
                }
            ]
        }
    ], 
    "skulls": [
        {
            "description": "Enemies appear in greater numbers and are more aggressive.", 
            "displayName": "Heroic", 
            "icon": "/common/destiny_content/icons/cb38a7d5b24303af8cfbdf57b376e460.png"
        }
    ], 
    "tier": 2
}