{
    "activityDescription": "\"No mercy. No hesitation. It'll take nothing less to defeat the Darkness.\" \u2014Lord Shaxx \n\nAll-out team warfare. Destroy the enemy.", 
    "activityHash": 1045828271, 
    "activityLevel": 1, 
    "activityName": "Clash", 
    "activityPower": 0.0, 
    "activityTypeHash": 3614615911, 
    "completionFlagHash": 96649106, 
    "destinationHash": 2777041980, 
    "hash": 0, 
    "icon": "/common/destiny_content/icons/icon_pvp_d0a189071d8eb5d009f4252bef78b551.png", 
    "index": 0, 
    "isPlaylist": true, 
    "maxParty": 6, 
    "maxPlayers": 12, 
    "minParty": 1, 
    "pgcrImage": "/img/theme/destiny/bgs/pgcrs/placeholder.jpg", 
    "placeHash": 4088006058, 
    "releaseIcon": "/common/destiny_content/icons/95baf9975a03e53d6e10ea58a0b1d013.png", 
    "releaseTime": 0, 
    "rewards": [
        {
            "rewardItems": [
                {
                    "itemHash": 3510203897, 
                    "value": 15
                }
            ]
        }
    ], 
    "skulls": [], 
    "tier": -1
}