{
    "activityDescription": "Omnigul, the mastermind of Crota's armies, nests in the Cosmodrome. Eliminate this horror and purge its spawn.", 
    "activityHash": 1142225067, 
    "activityLevel": 32, 
    "activityName": "Weekly Nightfall Strike", 
    "activityPower": 0.0, 
    "activityTypeHash": 575572995, 
    "completionFlagHash": 4185808065, 
    "destinationHash": 3393213630, 
    "hash": 0, 
    "icon": "/img/theme/destiny/icons/node_strike_nightfall.png", 
    "index": 0, 
    "isPlaylist": false, 
    "maxParty": 3, 
    "maxPlayers": 3, 
    "minParty": 1, 
    "pgcrImage": "/img/theme/destiny/bgs/pgcrs/patrol_cosmo.jpg", 
    "placeHash": 3747705955, 
    "releaseIcon": "/common/destiny_content/icons/0b318e4cc7c6dfce0e89d922a0327a8d.png", 
    "releaseTime": 0, 
    "rewards": [
        {
            "rewardItems": [
                {
                    "itemHash": 3747303650, 
                    "value": 0
                }
            ]
        }
    ], 
    "skulls": [
        {
            "description": "Heavily shielded and highly aggressive enemies appear in great numbers.", 
            "displayName": "Epic", 
            "icon": "/common/destiny_content/icons/5bcd33d7ab2bc06b08c4dff7f50b643a.png"
        }, 
        {
            "description": "If all players die, your Fireteam is returned to Orbit.", 
            "displayName": "Nightfall", 
            "icon": "/common/destiny_content/icons/64c90647b9ca6c5cffbc631357636c7b.png"
        }, 
        {
            "description": "Minions of the Darkness won't flinch, even after massive damage.", 
            "displayName": "Angry", 
            "icon": "/common/destiny_content/icons/f025014c21ea11a437a470e1112bc0f5.png"
        }, 
        {
            "description": "No ammo drops for your equipped weapon.", 
            "displayName": "Juggler", 
            "icon": "/common/destiny_content/icons/36e957e392a1a2deb9e1d5a8679f35b9.png"
        }, 
        {
            "description": "Void Damage from any source is greatly increased.", 
            "displayName": "Void Burn", 
            "icon": "/common/destiny_content/icons/939819db695701a1dcfe77d32673e39f.png"
        }
    ], 
    "tier": 1
}