{
    "activityDescription": "Archon Servants have raised their own corrupted Servitor-god, Kaliks Reborn. Defeat it and be rewarded.", 
    "activityHash": 1208087916, 
    "activityLevel": 32, 
    "activityName": "Machine Wrath", 
    "activityPower": 0.0, 
    "activityTypeHash": 3705723572, 
    "completionFlagHash": 2843940563, 
    "destinationHash": 3393905939, 
    "hash": 0, 
    "icon": "/common/destiny_content/icons/12858f0fe655e145905c2233282dc6c7.png", 
    "index": 0, 
    "isPlaylist": false, 
    "maxParty": 3, 
    "maxPlayers": 3, 
    "minParty": 1, 
    "pgcrImage": "/img/theme/destiny/bgs/pgcrs/prison_of_elders.jpg", 
    "placeHash": 2512485647, 
    "releaseIcon": "/common/destiny_content/icons/b9848586b7660a42a5460d4b898cf115.png", 
    "releaseTime": 0, 
    "rewards": [
        {
            "rewardItems": [
                {
                    "itemHash": 2759745988, 
                    "value": 200
                }, 
                {
                    "itemHash": 1904384474, 
                    "value": 1
                }
            ]
        }
    ], 
    "skulls": [], 
    "tier": 1
}