{
    "activityDescription": "A new Cabal force has unleashed powerful Psion Flayers to seize control of the old Martian Warmind. Face this new threat and secure what remains of the ancient network.", 
    "activityHash": 1228944057, 
    "activityLevel": 42, 
    "activityName": "Dust Palace", 
    "activityPower": 0.0, 
    "activityTypeHash": 575572995, 
    "completionFlagHash": 1744887844, 
    "destinationHash": 4072959335, 
    "hash": 0, 
    "icon": "/img/theme/destiny/icons/node_strike_nightfall.png", 
    "index": 0, 
    "isPlaylist": false, 
    "maxParty": 3, 
    "maxPlayers": 3, 
    "minParty": 1, 
    "pgcrImage": "/img/theme/destiny/bgs/pgcrs/strike_dust_palace.jpg", 
    "placeHash": 2809578934, 
    "releaseIcon": "/img/misc/missing_icon.png", 
    "releaseTime": 0, 
    "rewards": [], 
    "skulls": [], 
    "tier": 1
}