{
    "activityDescription": "Brave the shattered surface of Earth's Moon and aid the City in its efforts.", 
    "activityHash": 1234230734, 
    "activityLevel": 8, 
    "activityName": "Patrol the Moon", 
    "activityPower": 0.0, 
    "activityTypeHash": 3497767639, 
    "completionFlagHash": 145197011, 
    "destinationHash": 4233735899, 
    "hash": 0, 
    "icon": "/common/destiny_content/icons/644f4c99c5c5d3bf8c854700d6309059.png", 
    "index": 0, 
    "isPlaylist": false, 
    "maxParty": 3, 
    "maxPlayers": 3, 
    "minParty": 1, 
    "pgcrImage": "/img/theme/destiny/bgs/pgcrs/patrol_moon.jpg", 
    "placeHash": 3128647858, 
    "releaseIcon": "/img/misc/missing_icon.png", 
    "releaseTime": 0, 
    "rewards": [], 
    "skulls": [], 
    "tier": 1
}