{
    "activityDescription": "\"There's a rousing demand\u2014from participants and spectators\u2014for Legacy match types and arenas in the Crucible. I give them gladly.\" \u2014Lord Shaxx  \n\nA mix of Skirmish and Salvage on Year 1 maps.", 
    "activityHash": 130631058, 
    "activityLevel": 1, 
    "activityName": "Classic 3v3", 
    "activityPower": 0.0, 
    "activityTypeHash": 3887258850, 
    "completionFlagHash": 1336622869, 
    "destinationHash": 2777041980, 
    "hash": 0, 
    "icon": "/common/destiny_content/icons/e172a5f856a4c071dae4658d1b145aea.png", 
    "index": 0, 
    "isPlaylist": true, 
    "maxParty": 3, 
    "maxPlayers": 6, 
    "minParty": 1, 
    "pgcrImage": "/img/theme/destiny/bgs/pgcrs/placeholder.jpg", 
    "placeHash": 4088006058, 
    "releaseIcon": "/img/misc/missing_icon.png", 
    "releaseTime": 0, 
    "rewards": [], 
    "skulls": [], 
    "tier": -1
}