{
    "activityDescription": "Join forces with the Queen's Guard and hunt down their enemies.", 
    "activityHash": 1390160729, 
    "activityLevel": 1, 
    "activityName": "Vestian Outpost", 
    "activityPower": 0.0, 
    "activityTypeHash": 1589650888, 
    "completionFlagHash": 0, 
    "destinationHash": 3393905939, 
    "hash": 0, 
    "icon": "/common/destiny_content/icons/2c5a4ebf92e876f1651a079a65e8abf8.png", 
    "index": 0, 
    "isPlaylist": false, 
    "maxParty": 6, 
    "maxPlayers": 9, 
    "minParty": 1, 
    "pgcrImage": "/img/theme/destiny/bgs/pgcrs/vestian_outpost.jpg", 
    "placeHash": 2512485647, 
    "releaseIcon": "/img/misc/missing_icon.png", 
    "releaseTime": 0, 
    "rewards": [], 
    "skulls": [], 
    "tier": -1
}