{
    "activityDescription": "Omnigul, the mastermind of Crota's armies, nests in the Cosmodrome. Eliminate this horror and purge its spawn.", 
    "activityHash": 1398976305, 
    "activityLevel": 32, 
    "activityName": "Weekly Heroic Strike", 
    "activityPower": 0.0, 
    "activityTypeHash": 4164571395, 
    "completionFlagHash": 4185808064, 
    "destinationHash": 3393213630, 
    "hash": 0, 
    "icon": "/img/theme/destiny/icons/node_strike_featured.png", 
    "index": 0, 
    "isPlaylist": false, 
    "maxParty": 3, 
    "maxPlayers": 3, 
    "minParty": 1, 
    "pgcrImage": "/img/theme/destiny/bgs/pgcrs/patrol_cosmo.jpg", 
    "placeHash": 3747705955, 
    "releaseIcon": "/common/destiny_content/icons/0b318e4cc7c6dfce0e89d922a0327a8d.png", 
    "releaseTime": 0, 
    "rewards": [
        {
            "rewardItems": [
                {
                    "itemHash": 3037982556, 
                    "value": 9
                }
            ]
        }, 
        {
            "rewardItems": [
                {
                    "itemHash": 523605903, 
                    "value": 10
                }
            ]
        }, 
        {
            "rewardItems": [
                {
                    "itemHash": 3110575382, 
                    "value": 400
                }
            ]
        }, 
        {
            "rewardItems": [
                {
                    "itemHash": 3037982556, 
                    "value": 6
                }
            ]
        }, 
        {
            "rewardItems": [
                {
                    "itemHash": 523605903, 
                    "value": 7
                }
            ]
        }, 
        {
            "rewardItems": [
                {
                    "itemHash": 3110575382, 
                    "value": 250
                }
            ]
        }, 
        {
            "rewardItems": [
                {
                    "itemHash": 3037982556, 
                    "value": 3
                }
            ]
        }, 
        {
            "rewardItems": [
                {
                    "itemHash": 523605903, 
                    "value": 4
                }
            ]
        }, 
        {
            "rewardItems": [
                {
                    "itemHash": 3110575382, 
                    "value": 150
                }
            ]
        }
    ], 
    "skulls": [
        {
            "description": "Enemies appear in greater numbers and are more aggressive.", 
            "displayName": "Heroic", 
            "icon": "/common/destiny_content/icons/cb38a7d5b24303af8cfbdf57b376e460.png"
        }, 
        {
            "description": "Guardian Melee damage is greatly increased.", 
            "displayName": "Brawler", 
            "icon": "/common/destiny_content/icons/df14d2a080bbc8b940be81141cac24bd.png"
        }
    ], 
    "tier": 1
}