{
    "activityDescription": "Look for signs of Cayde's missing friend among the Vex ruins on Venus.", 
    "activityHash": 1419457477, 
    "activityLevel": 25, 
    "activityName": "A Ranger Lost", 
    "activityPower": 0.0, 
    "activityTypeHash": 2881466965, 
    "completionFlagHash": 3431571552, 
    "destinationHash": 518553403, 
    "hash": 0, 
    "icon": "/common/destiny_content/icons/7362972d87ac5ba4d55c28b2b7abc374.png", 
    "index": 0, 
    "isPlaylist": false, 
    "maxParty": 1, 
    "maxPlayers": 1, 
    "minParty": 1, 
    "pgcrImage": "/img/theme/destiny/bgs/pgcrs/a_ranger_lost.jpg", 
    "placeHash": 3871070152, 
    "releaseIcon": "/common/destiny_content/icons/95baf9975a03e53d6e10ea58a0b1d013.png", 
    "releaseTime": 0, 
    "rewards": [
        {
            "rewardItems": [
                {
                    "itemHash": 1315532320, 
                    "value": 0
                }
            ]
        }
    ], 
    "skulls": [], 
    "tier": 1
}