{
    "activityHash": 1516701147, 
    "activityLevel": 1, 
    "activityPower": 0.0, 
    "activityTypeHash": 1299744814, 
    "completionFlagHash": 0, 
    "destinationHash": 3393213630, 
    "hash": 0, 
    "icon": "/common/destiny_content/icons/b72375855ce0d217882f1fde673fc370.png", 
    "index": 0, 
    "isPlaylist": false, 
    "maxParty": 6, 
    "maxPlayers": 9, 
    "minParty": 1, 
    "placeHash": 3747705955, 
    "releaseIcon": "/img/misc/missing_icon.png", 
    "releaseTime": 0, 
    "rewards": [], 
    "skulls": [], 
    "tier": -1
}