{
    "activityDescription": "The Darkness gathers as the Fallen prepare the return of one of their Archon Priests.", 
    "activityHash": 1628212868, 
    "activityLevel": 30, 
    "activityName": "Weekly Heroic Strike", 
    "activityPower": 0.0, 
    "activityTypeHash": 575572995, 
    "completionFlagHash": 4185808067, 
    "destinationHash": 518553403, 
    "hash": 0, 
    "icon": "/img/theme/destiny/icons/node_strike_nightfall.png", 
    "index": 0, 
    "isPlaylist": false, 
    "maxParty": 3, 
    "maxPlayers": 3, 
    "minParty": 1, 
    "pgcrImage": "/img/theme/destiny/bgs/pgcrs/patrol_venus.jpg", 
    "placeHash": 3871070152, 
    "releaseIcon": "/img/misc/missing_icon.png", 
    "releaseTime": 0, 
    "rewards": [
        {
            "rewardItems": [
                {
                    "itemHash": 3037982556, 
                    "value": 6
                }
            ]
        }, 
        {
            "rewardItems": [
                {
                    "itemHash": 523605903, 
                    "value": 6
                }
            ]
        }, 
        {
            "rewardItems": [
                {
                    "itemHash": 3110575382, 
                    "value": 250
                }
            ]
        }, 
        {
            "rewardItems": [
                {
                    "itemHash": 3037982556, 
                    "value": 3
                }
            ]
        }, 
        {
            "rewardItems": [
                {
                    "itemHash": 523605903, 
                    "value": 3
                }
            ]
        }, 
        {
            "rewardItems": [
                {
                    "itemHash": 3110575382, 
                    "value": 100
                }
            ]
        }
    ], 
    "skulls": [
        {
            "description": "Enemies appear in greater numbers and are more aggressive.", 
            "displayName": "Heroic", 
            "icon": "/common/destiny_content/icons/cb38a7d5b24303af8cfbdf57b376e460.png"
        }, 
        {
            "description": "No ammo drops for your equipped weapon.", 
            "displayName": "Juggler", 
            "icon": "/common/destiny_content/icons/36e957e392a1a2deb9e1d5a8679f35b9.png"
        }
    ], 
    "tier": 1
}