{
    "activityDescription": "Descend into the Hellmouth and find the sacrificial chambers.", 
    "activityHash": 1714839224, 
    "activityLevel": 26, 
    "activityName": "Ritual of Sacrifice", 
    "activityPower": 0.0, 
    "activityTypeHash": 1801258597, 
    "completionFlagHash": 0, 
    "destinationHash": 4233735899, 
    "hash": 0, 
    "icon": "/common/destiny_content/icons/7362972d87ac5ba4d55c28b2b7abc374.png", 
    "index": 0, 
    "isPlaylist": false, 
    "maxParty": 3, 
    "maxPlayers": 3, 
    "minParty": 1, 
    "pgcrImage": "/img/theme/destiny/bgs/pgcrs/quest_ritual_of_sacrifice.jpg", 
    "placeHash": 3128647858, 
    "releaseIcon": "/common/destiny_content/icons/0b318e4cc7c6dfce0e89d922a0327a8d.png", 
    "releaseTime": 0, 
    "rewards": [], 
    "skulls": [], 
    "tier": 1
}