{
    "activityDescription": "Long live the King.", 
    "activityHash": 1733556769, 
    "activityLevel": 42, 
    "activityName": "King's Fall", 
    "activityPower": 0.0, 
    "activityTypeHash": 2043403989, 
    "completionFlagHash": 3845440012, 
    "destinationHash": 2897855902, 
    "hash": 0, 
    "icon": "/common/destiny_content/icons/351f65816fe55c810f8584f252f9fb56.png", 
    "index": 0, 
    "isPlaylist": false, 
    "maxParty": 6, 
    "maxPlayers": 6, 
    "minParty": 1, 
    "pgcrImage": "/img/theme/destiny/bgs/pgcrs/kings_fall.jpg", 
    "placeHash": 596872852, 
    "releaseIcon": "/common/destiny_content/icons/95baf9975a03e53d6e10ea58a0b1d013.png", 
    "releaseTime": 0, 
    "rewards": [
        {
            "rewardItems": [
                {
                    "itemHash": 1772473720, 
                    "value": 0
                }
            ]
        }
    ], 
    "skulls": [
        {
            "description": "You have been challenged...", 
            "displayName": "Golgoroth Challenge", 
            "icon": "/common/destiny_content/icons/02325947edc812cfbc2cc212e60dfe9e.png"
        }, 
        {
            "description": "You have been challenged...", 
            "displayName": "Oryx Challenge", 
            "icon": "/common/destiny_content/icons/65e34ece849f24254d06655438038918.png"
        }, 
        {
            "description": "You have been challenged...", 
            "displayName": "Warpriest Challenge", 
            "icon": "/common/destiny_content/icons/f89d3ea4976dcdec554471751e90d3ae.png"
        }
    ], 
    "tier": 1
}