{
    "activityDescription": "Launches a random Nightfall strike.", 
    "activityHash": 1749151224, 
    "activityLevel": 42, 
    "activityName": "Vanguard Nightfall", 
    "activityPower": 0.0, 
    "activityTypeHash": 575572995, 
    "completionFlagHash": 0, 
    "destinationHash": 2512542997, 
    "hash": 0, 
    "icon": "/img/theme/destiny/icons/node_strike_nightfall.png", 
    "index": 0, 
    "isPlaylist": true, 
    "maxParty": 3, 
    "maxPlayers": 3, 
    "minParty": 1, 
    "pgcrImage": "/img/theme/destiny/bgs/pgcrs/placeholder.jpg", 
    "placeHash": 3747705955, 
    "releaseIcon": "/common/destiny_content/icons/95baf9975a03e53d6e10ea58a0b1d013.png", 
    "releaseTime": 0, 
    "rewards": [
        {
            "rewardItems": [
                {
                    "itemHash": 3747303650, 
                    "value": 0
                }
            ]
        }
    ], 
    "skulls": [
        {
            "description": "Heavily shielded and highly aggressive enemies appear in great numbers.", 
            "displayName": "Epic", 
            "icon": "/common/destiny_content/icons/5bcd33d7ab2bc06b08c4dff7f50b643a.png"
        }, 
        {
            "description": "Arc Damage from any source is greatly increased.", 
            "displayName": "Arc Burn", 
            "icon": "/common/destiny_content/icons/43a8001abb39daa2d8be5d04d9041bdc.png"
        }, 
        {
            "description": "Solar damage from any source is greatly increased.", 
            "displayName": "Solar Burn", 
            "icon": "/common/destiny_content/icons/6ef3355be16c0ca6677a0f1c9e9a99b7.png"
        }, 
        {
            "description": "Void damage from any source is greatly increased.", 
            "displayName": "Void Burn", 
            "icon": "/common/destiny_content/icons/939819db695701a1dcfe77d32673e39f.png"
        }, 
        {
            "description": "Minions of the Darkness won't flinch, even after massive damage.", 
            "displayName": "Berserk", 
            "icon": "/common/destiny_content/icons/f025014c21ea11a437a470e1112bc0f5.png"
        }, 
        {
            "description": "Guardian melee damage is greatly increased.", 
            "displayName": "Brawler", 
            "icon": "/common/destiny_content/icons/df14d2a080bbc8b940be81141cac24bd.png"
        }, 
        {
            "description": "Minions of the Darkness deal much more melee damage.", 
            "displayName": "Lightswitch", 
            "icon": "/common/destiny_content/icons/1d4937073d2904ca28946a3b891f078d.png"
        }, 
        {
            "description": "Special Weapon damage is favored.", 
            "displayName": "Specialist", 
            "icon": "/common/destiny_content/icons/ddbb67e0949b7a5e6803203d2acd01c4.png"
        }, 
        {
            "description": "Primary Weapon damage is favored.", 
            "displayName": "Small Arms", 
            "icon": "/common/destiny_content/icons/0933496720f8dafc7db0d9fdfab24e48.png"
        }, 
        {
            "description": "No ammo drops for your equipped weapon.", 
            "displayName": "Juggler", 
            "icon": "/common/destiny_content/icons/36e957e392a1a2deb9e1d5a8679f35b9.png"
        }, 
        {
            "description": "Players take more damage while airborne.", 
            "displayName": "Grounded", 
            "icon": "/common/destiny_content/icons/c791e4486bae185fb400fff7e203eda9.png"
        }, 
        {
            "description": "Enemies fire more frequently and more accurately.", 
            "displayName": "Bloodthirsty", 
            "icon": "/common/destiny_content/icons/8ab48beb77d3a214ee14b4517e69196c.png"
        }, 
        {
            "description": "Player radar is disabled.", 
            "displayName": "Chaff", 
            "icon": "/common/destiny_content/icons/3c4ceaf5278dede7709809855d196771.png"
        }, 
        {
            "description": "Some enemy squads have been fortified with additional reinforcements.", 
            "displayName": "Fresh Troops", 
            "icon": "/common/destiny_content/icons/1ab757c3387537307c26a252a2e1ccf5.png"
        }, 
        {
            "description": "More enemies have shields.", 
            "displayName": "Ironclad", 
            "icon": "/common/destiny_content/icons/3b69125b8ea92fed6cc968b2505a95fb.png"
        }, 
        {
            "description": "Enemy shields are resistant to all unmatched Elemental Damage.", 
            "displayName": "Match Game", 
            "icon": "/common/destiny_content/icons/722369ef88c9a5a268b07c521cfe11a4.png"
        }, 
        {
            "description": "Players deal more damage while in the air.", 
            "displayName": "Airborne", 
            "icon": "/common/destiny_content/icons/2482fc749df7ca8dc014792d440043b3.png"
        }, 
        {
            "description": "Grenade recharge rate is greatly increased.", 
            "displayName": "Catapult", 
            "icon": "/common/destiny_content/icons/97a2ce35f7e611dfbc7406e3735025ef.png"
        }, 
        {
            "description": "Guardian shields are increased but do not replenish.", 
            "displayName": "Exposure", 
            "icon": "/common/destiny_content/icons/adf2ed98b8fb8378b587d7454aee0b3e.png"
        }, 
        {
            "description": "Recharge of abilities is significantly reduced.", 
            "displayName": "Trickle", 
            "icon": "/common/destiny_content/icons/8e03064ad49256c595fb9aad2b8cb2f2.png"
        }
    ], 
    "tier": 1
}