{
    "activityDescription": "\"It's a tactical exercise in reinforcing and defending acquired territory. Should the Vanguard ever decide to expand past the walls of the City, the Guardians will be ready.\" \u2014Lord Shaxx\n\nAll-out team warfare. Destroy the enemy. No trackers and simplified scoring.", 
    "activityHash": 1783047867, 
    "activityLevel": 1, 
    "activityName": "Inferno Control", 
    "activityPower": 0.0, 
    "activityTypeHash": 2691931425, 
    "completionFlagHash": 2475165134, 
    "destinationHash": 2777041980, 
    "hash": 0, 
    "icon": "/common/destiny_content/icons/d1d410c7043880f0b30f4ca9258c5f9c.png", 
    "index": 0, 
    "isPlaylist": true, 
    "maxParty": 6, 
    "maxPlayers": 12, 
    "minParty": 1, 
    "pgcrImage": "/img/theme/destiny/bgs/pgcrs/placeholder.jpg", 
    "placeHash": 4088006058, 
    "releaseIcon": "/common/destiny_content/icons/95baf9975a03e53d6e10ea58a0b1d013.png", 
    "releaseTime": 0, 
    "rewards": [], 
    "skulls": [], 
    "tier": -1
}