{
    "activityDescription": "\"It's a tactical exercise in reinforcing and defending acquired territory. Should the Vanguard ever decide to expand past the walls of the City, the Guardians will be ready.\" \u2014Lord Shaxx\n\nCapture zones and hold the zones to win.", 
    "activityHash": 1815860968, 
    "activityLevel": 1, 
    "activityName": "Zone Control", 
    "activityPower": 0.0, 
    "activityTypeHash": 579151588, 
    "completionFlagHash": 299093107, 
    "destinationHash": 2777041980, 
    "hash": 0, 
    "icon": "/common/destiny_content/icons/icon_pvp_95758a0126585ca7a5344b1424aaec7c.png", 
    "index": 0, 
    "isPlaylist": true, 
    "maxParty": 6, 
    "maxPlayers": 12, 
    "minParty": 1, 
    "pgcrImage": "/img/theme/destiny/bgs/pgcrs/placeholder.jpg", 
    "placeHash": 4088006058, 
    "releaseIcon": "/common/destiny_content/icons/95baf9975a03e53d6e10ea58a0b1d013.png", 
    "releaseTime": 0, 
    "rewards": [
        {
            "rewardItems": [
                {
                    "itemHash": 3510203897, 
                    "value": 10
                }
            ]
        }
    ], 
    "skulls": [], 
    "tier": -1
}