{
    "activityDescription": "He waits in the dark below.", 
    "activityHash": 1836893119, 
    "activityLevel": 33, 
    "activityName": "Crota\u2019s End", 
    "activityPower": 0.0, 
    "activityTypeHash": 837773392, 
    "completionFlagHash": 1716556531, 
    "destinationHash": 4233735899, 
    "hash": 0, 
    "icon": "/common/destiny_content/icons/351f65816fe55c810f8584f252f9fb56.png", 
    "index": 0, 
    "isPlaylist": false, 
    "maxParty": 6, 
    "maxPlayers": 6, 
    "minParty": 1, 
    "pgcrImage": "/img/theme/destiny/bgs/pgcrs/raid_crotas_end.jpg", 
    "placeHash": 3128647858, 
    "releaseIcon": "/common/destiny_content/icons/0b318e4cc7c6dfce0e89d922a0327a8d.png", 
    "releaseTime": 0, 
    "rewards": [
        {
            "rewardItems": [
                {
                    "itemHash": 1772473720, 
                    "value": 0
                }, 
                {
                    "itemHash": 3974960059, 
                    "value": 0
                }, 
                {
                    "itemHash": 3747303650, 
                    "value": 0
                }
            ]
        }
    ], 
    "skulls": [
        {
            "description": "Enemies appear in greater numbers and are more aggressive.", 
            "displayName": "Heroic", 
            "icon": "/common/destiny_content/icons/cb38a7d5b24303af8cfbdf57b376e460.png"
        }
    ], 
    "tier": 2
}