{
    "activityDescription": "Rise in the Light of the Traveler and join the battle against the Darkness.", 
    "activityHash": 1856964953, 
    "activityLevel": 1, 
    "activityName": "A Guardian Rises", 
    "activityPower": 0.0, 
    "activityTypeHash": 1299744814, 
    "completionFlagHash": 2606717522, 
    "destinationHash": 3393213630, 
    "hash": 0, 
    "icon": "/common/destiny_content/icons/b72375855ce0d217882f1fde673fc370.png", 
    "index": 0, 
    "isPlaylist": false, 
    "maxParty": 3, 
    "maxPlayers": 3, 
    "minParty": 1, 
    "pgcrImage": "/img/theme/destiny/bgs/pgcrs/story_cosmo_nux.jpg", 
    "placeHash": 3747705955, 
    "releaseIcon": "/img/misc/missing_icon.png", 
    "releaseTime": 0, 
    "rewards": [], 
    "skulls": [], 
    "tier": 1
}