{
    "activityDescription": "The Darkness gathers as the Fallen prepare the return of one of their Archon Priests.", 
    "activityHash": 1985034593, 
    "activityLevel": 32, 
    "activityName": "Weekly Nightfall Strike", 
    "activityPower": 0.0, 
    "activityTypeHash": 575572995, 
    "completionFlagHash": 4185808065, 
    "destinationHash": 518553403, 
    "hash": 0, 
    "icon": "/img/theme/destiny/icons/node_strike_nightfall.png", 
    "index": 0, 
    "isPlaylist": false, 
    "maxParty": 3, 
    "maxPlayers": 3, 
    "minParty": 1, 
    "pgcrImage": "/img/theme/destiny/bgs/pgcrs/patrol_venus.jpg", 
    "placeHash": 3871070152, 
    "releaseIcon": "/img/misc/missing_icon.png", 
    "releaseTime": 0, 
    "rewards": [
        {
            "rewardItems": [
                {
                    "itemHash": 3747303650, 
                    "value": 0
                }
            ]
        }
    ], 
    "skulls": [
        {
            "description": "Heavily shielded and highly aggressive enemies appear in great numbers.", 
            "displayName": "Epic", 
            "icon": "/common/destiny_content/icons/5bcd33d7ab2bc06b08c4dff7f50b643a.png"
        }, 
        {
            "description": "Arc Damage from any source is greatly increased.", 
            "displayName": "Arc Burn", 
            "icon": "/common/destiny_content/icons/43a8001abb39daa2d8be5d04d9041bdc.png"
        }, 
        {
            "description": "Solar Damage from any source is greatly increased.", 
            "displayName": "Solar Burn", 
            "icon": "/common/destiny_content/icons/6ef3355be16c0ca6677a0f1c9e9a99b7.png"
        }, 
        {
            "description": "Primary Weapon damage is favored.", 
            "displayName": "Small Arms", 
            "icon": "/common/destiny_content/icons/0933496720f8dafc7db0d9fdfab24e48.png"
        }, 
        {
            "description": "If all players die, your Fireteam is returned to Orbit.", 
            "displayName": "Nightfall", 
            "icon": "/common/destiny_content/icons/64c90647b9ca6c5cffbc631357636c7b.png"
        }
    ], 
    "tier": 1
}