{
    "activityDescription": "Hunt the source of the Taken blight across the Cosmodrome.", 
    "activityHash": 2008529245, 
    "activityLevel": 40, 
    "activityName": "Kings of Decay", 
    "activityPower": 0.0, 
    "activityTypeHash": 1801258597, 
    "completionFlagHash": 643414632, 
    "destinationHash": 3393213630, 
    "hash": 0, 
    "icon": "/common/destiny_content/icons/7362972d87ac5ba4d55c28b2b7abc374.png", 
    "index": 0, 
    "isPlaylist": false, 
    "maxParty": 3, 
    "maxPlayers": 3, 
    "minParty": 1, 
    "pgcrImage": "/img/theme/destiny/bgs/pgcrs/taken_war_earth.jpg", 
    "placeHash": 3747705955, 
    "releaseIcon": "/common/destiny_content/icons/95baf9975a03e53d6e10ea58a0b1d013.png", 
    "releaseTime": 0, 
    "rewards": [
        {
            "rewardItems": [
                {
                    "itemHash": 1315532320, 
                    "value": 0
                }
            ]
        }
    ], 
    "skulls": [], 
    "tier": 1
}