{
    "activityDescription": "Keep watch in the Ishtar Sink to aid the City in its efforts.", 
    "activityHash": 2045385030, 
    "activityLevel": 11, 
    "activityName": "Patrol Venus", 
    "activityPower": 0.0, 
    "activityTypeHash": 3497767639, 
    "completionFlagHash": 123126191, 
    "destinationHash": 518553403, 
    "hash": 0, 
    "icon": "/common/destiny_content/icons/644f4c99c5c5d3bf8c854700d6309059.png", 
    "index": 0, 
    "isPlaylist": false, 
    "maxParty": 3, 
    "maxPlayers": 3, 
    "minParty": 1, 
    "pgcrImage": "/img/theme/destiny/bgs/pgcrs/patrol_venus.jpg", 
    "placeHash": 3871070152, 
    "releaseIcon": "/img/misc/missing_icon.png", 
    "releaseTime": 0, 
    "rewards": [], 
    "skulls": [], 
    "tier": 1
}