{
    "activityDescription": "Qodron, a Vex chronovore, sees only one outcome: your demise. Prove it wrong.", 
    "activityHash": 2074618692, 
    "activityLevel": 34, 
    "activityName": "The Forever Eater", 
    "activityPower": 0.0, 
    "activityTypeHash": 3705723572, 
    "completionFlagHash": 2256052094, 
    "destinationHash": 3393905939, 
    "hash": 0, 
    "icon": "/common/destiny_content/icons/12858f0fe655e145905c2233282dc6c7.png", 
    "index": 0, 
    "isPlaylist": false, 
    "maxParty": 3, 
    "maxPlayers": 3, 
    "minParty": 1, 
    "pgcrImage": "/img/theme/destiny/bgs/pgcrs/prison_of_elders.jpg", 
    "placeHash": 2512485647, 
    "releaseIcon": "/common/destiny_content/icons/b9848586b7660a42a5460d4b898cf115.png", 
    "releaseTime": 0, 
    "rewards": [
        {
            "rewardItems": [
                {
                    "itemHash": 2759745988, 
                    "value": 300
                }, 
                {
                    "itemHash": 2990972208, 
                    "value": 1
                }, 
                {
                    "itemHash": 3109888176, 
                    "value": 1
                }
            ]
        }
    ], 
    "skulls": [], 
    "tier": 1
}