{
    "activityDescription": "Establish patrol routes and beacon sites on the Hive Dreadnaught for the Vanguard.", 
    "activityHash": 2084307227, 
    "activityLevel": 35, 
    "activityName": "Dread Patrol", 
    "activityPower": 0.0, 
    "activityTypeHash": 1801258597, 
    "completionFlagHash": 944830254, 
    "destinationHash": 2897855902, 
    "hash": 0, 
    "icon": "/common/destiny_content/icons/7362972d87ac5ba4d55c28b2b7abc374.png", 
    "index": 0, 
    "isPlaylist": false, 
    "maxParty": 3, 
    "maxPlayers": 3, 
    "minParty": 1, 
    "pgcrImage": "/img/theme/destiny/bgs/pgcrs/dread_patrol.jpg", 
    "placeHash": 596872852, 
    "releaseIcon": "/common/destiny_content/icons/95baf9975a03e53d6e10ea58a0b1d013.png", 
    "releaseTime": 0, 
    "rewards": [
        {
            "rewardItems": [
                {
                    "itemHash": 1315532320, 
                    "value": 0
                }
            ]
        }
    ], 
    "skulls": [], 
    "tier": 1
}