{
    "activityDescription": "\"This all started as a Warlock focus drill. The things I've seen them do with Rifts would be...very useful on a battlefield.\" \u2014Lord Shaxx \n\nCollect the Spark and ignite the enemy's Rift with it. Impress the Lords of Iron.", 
    "activityHash": 211678003, 
    "activityLevel": 40, 
    "activityName": "Iron Banner Rift", 
    "activityPower": 0.0, 
    "activityTypeHash": 308891298, 
    "completionFlagHash": 1171397078, 
    "destinationHash": 2777041980, 
    "hash": 0, 
    "icon": "/common/destiny_content/icons/0ee91b79ba1366243832cf810afc3b75.jpg", 
    "index": 0, 
    "isPlaylist": true, 
    "maxParty": 6, 
    "maxPlayers": 12, 
    "minParty": 1, 
    "pgcrImage": "/img/theme/destiny/bgs/pgcrs/placeholder.jpg", 
    "placeHash": 4088006058, 
    "releaseIcon": "/common/destiny_content/icons/95baf9975a03e53d6e10ea58a0b1d013.png", 
    "releaseTime": 0, 
    "rewards": [], 
    "skulls": [], 
    "tier": -1
}