{
    "activityDescription": "A ruthless Fallen mercenary commanding the Wolfship Kaliks-Syn has been spotted near the Moon. Board the Ketch and end the reign of Taniks, the Scarred.", 
    "activityHash": 2176272408, 
    "activityLevel": 42, 
    "activityName": "The Shadow Thief", 
    "activityPower": 0.0, 
    "activityTypeHash": 575572995, 
    "completionFlagHash": 1665214730, 
    "destinationHash": 4233735899, 
    "hash": 0, 
    "icon": "/img/theme/destiny/icons/node_strike_nightfall.png", 
    "index": 0, 
    "isPlaylist": false, 
    "maxParty": 3, 
    "maxPlayers": 3, 
    "minParty": 1, 
    "pgcrImage": "/img/theme/destiny/bgs/pgcrs/the_shadow_thief.jpg", 
    "placeHash": 3128647858, 
    "releaseIcon": "/common/destiny_content/icons/b9848586b7660a42a5460d4b898cf115.png", 
    "releaseTime": 0, 
    "rewards": [], 
    "skulls": [], 
    "tier": 1
}