{
    "activityDescription": "\"Your allies are your lifeblood. No second chances except the ones you give.\" \u2014Lord Shaxx \n\nSmall-team tactics. Revive teammates to keep fighting. Bring down the entire opposing team to claim victory.", 
    "activityHash": 2263964303, 
    "activityLevel": 1, 
    "activityName": "Elimination", 
    "activityPower": 0.0, 
    "activityTypeHash": 39921727, 
    "completionFlagHash": 3847284338, 
    "destinationHash": 2777041980, 
    "hash": 0, 
    "icon": "/img/theme/destiny/icons/pvp_gametype_elimination.v2.png", 
    "index": 0, 
    "isPlaylist": true, 
    "maxParty": 3, 
    "maxPlayers": 6, 
    "minParty": 1, 
    "pgcrImage": "/img/theme/destiny/bgs/pgcrs/placeholder.jpg", 
    "placeHash": 4088006058, 
    "releaseIcon": "/common/destiny_content/icons/95baf9975a03e53d6e10ea58a0b1d013.png", 
    "releaseTime": 0, 
    "rewards": [], 
    "skulls": [], 
    "tier": -1
}