{
    "activityDescription": "Board the Fallen Ketch above the Moon and defeat the notorious Taniks, the Scarred.", 
    "activityHash": 2270968446, 
    "activityLevel": 32, 
    "activityName": "Weekly Heroic Strike", 
    "activityPower": 0.0, 
    "activityTypeHash": 4164571395, 
    "completionFlagHash": 4185808064, 
    "destinationHash": 4233735899, 
    "hash": 0, 
    "icon": "/img/theme/destiny/icons/node_strike_featured.png", 
    "index": 0, 
    "isPlaylist": false, 
    "maxParty": 3, 
    "maxPlayers": 3, 
    "minParty": 1, 
    "pgcrImage": "/img/theme/destiny/bgs/pgcrs/patrol_moon.jpg", 
    "placeHash": 3128647858, 
    "releaseIcon": "/common/destiny_content/icons/b9848586b7660a42a5460d4b898cf115.png", 
    "releaseTime": 0, 
    "rewards": [
        {
            "rewardItems": [
                {
                    "itemHash": 3037982556, 
                    "value": 9
                }
            ]
        }, 
        {
            "rewardItems": [
                {
                    "itemHash": 523605903, 
                    "value": 10
                }
            ]
        }, 
        {
            "rewardItems": [
                {
                    "itemHash": 3110575382, 
                    "value": 400
                }
            ]
        }, 
        {
            "rewardItems": [
                {
                    "itemHash": 3037982556, 
                    "value": 6
                }
            ]
        }, 
        {
            "rewardItems": [
                {
                    "itemHash": 523605903, 
                    "value": 7
                }
            ]
        }, 
        {
            "rewardItems": [
                {
                    "itemHash": 3110575382, 
                    "value": 250
                }
            ]
        }, 
        {
            "rewardItems": [
                {
                    "itemHash": 3037982556, 
                    "value": 3
                }
            ]
        }, 
        {
            "rewardItems": [
                {
                    "itemHash": 523605903, 
                    "value": 4
                }
            ]
        }, 
        {
            "rewardItems": [
                {
                    "itemHash": 3110575382, 
                    "value": 150
                }
            ]
        }
    ], 
    "skulls": [
        {
            "description": "Enemies appear in greater numbers and are more aggressive.", 
            "displayName": "Heroic", 
            "icon": "/common/destiny_content/icons/cb38a7d5b24303af8cfbdf57b376e460.png"
        }, 
        {
            "description": "Minions of the Darkness won't flinch, even after massive damage.", 
            "displayName": "Angry", 
            "icon": "/common/destiny_content/icons/f025014c21ea11a437a470e1112bc0f5.png"
        }
    ], 
    "tier": 3
}