{
    "activityDescription": "Follow the Stranger's coordinates to a legendary colony lost in the jungles of Venus.", 
    "activityHash": 2321224098, 
    "activityLevel": 41, 
    "activityName": "A Stranger's Call", 
    "activityPower": 0.0, 
    "activityTypeHash": 1686739444, 
    "completionFlagHash": 2388787017, 
    "destinationHash": 518553403, 
    "hash": 0, 
    "icon": "/common/destiny_content/icons/b72375855ce0d217882f1fde673fc370.png", 
    "index": 0, 
    "isPlaylist": false, 
    "maxParty": 3, 
    "maxPlayers": 3, 
    "minParty": 1, 
    "pgcrImage": "/img/theme/destiny/bgs/pgcrs/story_venus_1.jpg", 
    "placeHash": 3871070152, 
    "releaseIcon": "/img/misc/missing_icon.png", 
    "releaseTime": 0, 
    "rewards": [
        {
            "rewardItems": [
                {
                    "itemHash": 3510203897, 
                    "value": 15
                }
            ]
        }
    ], 
    "skulls": [
        {
            "description": "Enemies appear in greater numbers and are more aggressive.", 
            "displayName": "Heroic", 
            "icon": "/common/destiny_content/icons/cb38a7d5b24303af8cfbdf57b376e460.png"
        }
    ], 
    "tier": 2
}