{
    "activityDescription": "Widow's Court", 
    "activityHash": 2332037858, 
    "activityLevel": 1, 
    "activityName": "Widow's Court", 
    "activityPower": 0.0, 
    "activityTypeHash": 3695721985, 
    "completionFlagHash": 0, 
    "destinationHash": 2777041980, 
    "hash": 0, 
    "icon": "/common/destiny_content/icons/icon_pvp_7f4c923551a74315df3dcd493291bcf4.png", 
    "index": 0, 
    "isPlaylist": false, 
    "maxParty": 3, 
    "maxPlayers": 6, 
    "minParty": 1, 
    "pgcrImage": "/img/theme/destiny/bgs/pgcrs/widows_court.jpg", 
    "placeHash": 4088006058, 
    "releaseIcon": "/img/misc/missing_icon.png", 
    "releaseTime": 0, 
    "rewards": [], 
    "skulls": [], 
    "tier": -1
}