{
    "activityDescription": "Travel to Phobos and investigate the Cabal distress signal.", 
    "activityHash": 2369296916, 
    "activityLevel": 25, 
    "activityName": "The Coming War", 
    "activityPower": 0.0, 
    "activityTypeHash": 1299744814, 
    "completionFlagHash": 2315956863, 
    "destinationHash": 3705523133, 
    "hash": 0, 
    "icon": "/common/destiny_content/icons/b72375855ce0d217882f1fde673fc370.png", 
    "index": 0, 
    "isPlaylist": false, 
    "maxParty": 3, 
    "maxPlayers": 3, 
    "minParty": 1, 
    "pgcrImage": "/img/theme/destiny/bgs/pgcrs/the_coming_war.jpg", 
    "placeHash": 3114284952, 
    "releaseIcon": "/common/destiny_content/icons/95baf9975a03e53d6e10ea58a0b1d013.png", 
    "releaseTime": 0, 
    "rewards": [], 
    "skulls": [], 
    "tier": 1
}