{
    "activityDescription": "Home of the Guardians, where you can regroup, rearm, and form new alliances before venturing beyond.", 
    "activityHash": 2370413227, 
    "activityLevel": 1, 
    "activityName": "Tower", 
    "activityPower": 0.0, 
    "activityTypeHash": 1589650888, 
    "completionFlagHash": 0, 
    "destinationHash": 2612139675, 
    "hash": 0, 
    "icon": "/common/destiny_content/icons/2c5a4ebf92e876f1651a079a65e8abf8.png", 
    "index": 0, 
    "isPlaylist": false, 
    "maxParty": 6, 
    "maxPlayers": 16, 
    "minParty": 1, 
    "pgcrImage": "/img/theme/destiny/bgs/pgcrs/default.jpg", 
    "placeHash": 3747705955, 
    "releaseIcon": "/img/misc/missing_icon.png", 
    "releaseTime": 0, 
    "rewards": [], 
    "skulls": [], 
    "tier": -1
}