{
    "activityDescription": "Fight through the shifting Martian dunes to protect the City's interests.", 
    "activityHash": 2398459666, 
    "activityLevel": 17, 
    "activityName": "Patrol Mars", 
    "activityPower": 0.0, 
    "activityTypeHash": 3497767639, 
    "completionFlagHash": 1977875675, 
    "destinationHash": 4072959335, 
    "hash": 0, 
    "icon": "/common/destiny_content/icons/644f4c99c5c5d3bf8c854700d6309059.png", 
    "index": 0, 
    "isPlaylist": false, 
    "maxParty": 3, 
    "maxPlayers": 3, 
    "minParty": 1, 
    "pgcrImage": "/img/theme/destiny/bgs/pgcrs/patrol_mars.jpg", 
    "placeHash": 2809578934, 
    "releaseIcon": "/img/misc/missing_icon.png", 
    "releaseTime": 0, 
    "rewards": [], 
    "skulls": [], 
    "tier": 1
}