{
    "activityDescription": "Cayde and Amanda Holliday fit a stealth drive to Eris Morn's ship.", 
    "activityHash": 252347595, 
    "activityLevel": 25, 
    "activityName": "Hangar Stakes", 
    "activityPower": 0.0, 
    "activityTypeHash": 2201105581, 
    "completionFlagHash": 3155071742, 
    "destinationHash": 2612139675, 
    "hash": 0, 
    "icon": "/common/destiny_content/icons/b72375855ce0d217882f1fde673fc370.png", 
    "index": 0, 
    "isPlaylist": false, 
    "maxParty": 3, 
    "maxPlayers": 3, 
    "minParty": 1, 
    "pgcrImage": "/img/theme/destiny/bgs/pgcrs/placeholder.jpg", 
    "placeHash": 3747705955, 
    "releaseIcon": "/common/destiny_content/icons/95baf9975a03e53d6e10ea58a0b1d013.png", 
    "releaseTime": 0, 
    "rewards": [], 
    "skulls": [], 
    "tier": 1
}