{
    "activityDescription": "Rush to the aid of the AI Warmind Rasputin as he broadcasts a plea for help across the system.", 
    "activityHash": 2532582309, 
    "activityLevel": 41, 
    "activityName": "Fallen S.A.B.E.R.", 
    "activityPower": 0.0, 
    "activityTypeHash": 2889152536, 
    "completionFlagHash": 3346707351, 
    "destinationHash": 3393213630, 
    "hash": 0, 
    "icon": "/img/theme/destiny/icons/node_strike_featured.png", 
    "index": 0, 
    "isPlaylist": false, 
    "maxParty": 3, 
    "maxPlayers": 3, 
    "minParty": 1, 
    "pgcrImage": "/img/theme/destiny/bgs/pgcrs/fallen_saber.jpg", 
    "placeHash": 3747705955, 
    "releaseIcon": "/common/destiny_content/icons/95baf9975a03e53d6e10ea58a0b1d013.png", 
    "releaseTime": 0, 
    "rewards": [], 
    "skulls": [], 
    "tier": 1
}