{
    "activityDescription": "Travel to the home of the Awoken and find what they know about the Black Garden.", 
    "activityHash": 2591739000, 
    "activityLevel": 10, 
    "activityName": "The Awoken", 
    "activityPower": 0.0, 
    "activityTypeHash": 1299744814, 
    "completionFlagHash": 2835828321, 
    "destinationHash": 3393905939, 
    "hash": 0, 
    "icon": "/common/destiny_content/icons/b72375855ce0d217882f1fde673fc370.png", 
    "index": 0, 
    "isPlaylist": false, 
    "maxParty": 3, 
    "maxPlayers": 3, 
    "minParty": 1, 
    "pgcrImage": "/img/theme/destiny/bgs/pgcrs/story_venus_1.jpg", 
    "placeHash": 2512485647, 
    "releaseIcon": "/img/misc/missing_icon.png", 
    "releaseTime": 0, 
    "rewards": [], 
    "skulls": [], 
    "tier": 1
}