{
    "activityDescription": "\"Pure combat. Your only job is to make sure you're still standing when the dust settles.\" \u2014Lord Shaxx \n\nKill everything. Watch your back.", 
    "activityHash": 260615043, 
    "activityLevel": 1, 
    "activityName": "Rumble", 
    "activityPower": 0.0, 
    "activityTypeHash": 3695721985, 
    "completionFlagHash": 8260870, 
    "destinationHash": 2777041980, 
    "hash": 0, 
    "icon": "/common/destiny_content/icons/icon_pvp_7f4c923551a74315df3dcd493291bcf4.png", 
    "index": 0, 
    "isPlaylist": true, 
    "maxParty": 3, 
    "maxPlayers": 6, 
    "minParty": 1, 
    "pgcrImage": "/img/theme/destiny/bgs/pgcrs/placeholder.jpg", 
    "placeHash": 4088006058, 
    "releaseIcon": "/common/destiny_content/icons/95baf9975a03e53d6e10ea58a0b1d013.png", 
    "releaseTime": 0, 
    "rewards": [
        {
            "rewardItems": [
                {
                    "itemHash": 3510203897, 
                    "value": 15
                }
            ]
        }
    ], 
    "skulls": [], 
    "tier": -1
}