{
    "activityDescription": "Beneath Venus, evil stirs.", 
    "activityHash": 2659248069, 
    "activityLevel": 31, 
    "activityName": "Vault of Glass", 
    "activityPower": 0.0, 
    "activityTypeHash": 2043403989, 
    "completionFlagHash": 3467738391, 
    "destinationHash": 518553403, 
    "hash": 0, 
    "icon": "/common/destiny_content/icons/351f65816fe55c810f8584f252f9fb56.png", 
    "index": 0, 
    "isPlaylist": false, 
    "maxParty": 6, 
    "maxPlayers": 6, 
    "minParty": 1, 
    "pgcrImage": "/img/theme/destiny/bgs/pgcrs/raid_vault_of_glass.jpg", 
    "placeHash": 3871070152, 
    "releaseIcon": "/img/misc/missing_icon.png", 
    "releaseTime": 0, 
    "rewards": [
        {
            "rewardItems": [
                {
                    "itemHash": 1772473720, 
                    "value": 0
                }, 
                {
                    "itemHash": 1743040968, 
                    "value": 0
                }, 
                {
                    "itemHash": 3747303650, 
                    "value": 0
                }
            ]
        }
    ], 
    "skulls": [
        {
            "description": "Heavily shielded and highly aggressive enemies appear in great numbers.", 
            "displayName": "Epic", 
            "icon": "/common/destiny_content/icons/5bcd33d7ab2bc06b08c4dff7f50b643a.png"
        }
    ], 
    "tier": 3
}