{
    "activityDescription": "The Golden Age legends tell of ancient tunnels below the Academy, where a Vex machine once ate away at the planet. Descend into the old dig sites and find this Nexus before it churns again.", 
    "activityHash": 2666433880, 
    "activityLevel": 20, 
    "activityName": "The Nexus", 
    "activityPower": 0.0, 
    "activityTypeHash": 2889152536, 
    "completionFlagHash": 1529203943, 
    "destinationHash": 518553403, 
    "hash": 0, 
    "icon": "/common/destiny_content/icons/63e1fbc1a10a4e4338b63cb5e3887e35.png", 
    "index": 0, 
    "isPlaylist": false, 
    "maxParty": 3, 
    "maxPlayers": 3, 
    "minParty": 1, 
    "pgcrImage": "/img/theme/destiny/bgs/pgcrs/story_venus_1.jpg", 
    "placeHash": 3871070152, 
    "releaseIcon": "/img/misc/missing_icon.png", 
    "releaseTime": 0, 
    "rewards": [], 
    "skulls": [], 
    "tier": 1
}