{
    "activityDescription": "The Darkness gathers around Sepiks Prime as it absorbs the essence of everything the Fallen can steal.", 
    "activityHash": 2697969178, 
    "activityLevel": 32, 
    "activityName": "Weekly Nightfall Strike", 
    "activityPower": 0.0, 
    "activityTypeHash": 575572995, 
    "completionFlagHash": 4185808065, 
    "destinationHash": 3393213630, 
    "hash": 0, 
    "icon": "/img/theme/destiny/icons/node_strike_nightfall.png", 
    "index": 0, 
    "isPlaylist": false, 
    "maxParty": 3, 
    "maxPlayers": 3, 
    "minParty": 1, 
    "pgcrImage": "/img/theme/destiny/bgs/pgcrs/patrol_cosmo.jpg", 
    "placeHash": 3747705955, 
    "releaseIcon": "/img/misc/missing_icon.png", 
    "releaseTime": 0, 
    "rewards": [
        {
            "rewardItems": [
                {
                    "itemHash": 3747303650, 
                    "value": 0
                }
            ]
        }
    ], 
    "skulls": [
        {
            "description": "Heavily shielded and highly aggressive enemies appear in great numbers.", 
            "displayName": "Epic", 
            "icon": "/common/destiny_content/icons/5bcd33d7ab2bc06b08c4dff7f50b643a.png"
        }, 
        {
            "description": "Minions of the Darkness won't flinch, even after massive damage.", 
            "displayName": "Angry", 
            "icon": "/common/destiny_content/icons/f025014c21ea11a437a470e1112bc0f5.png"
        }, 
        {
            "description": "Minions of the Darkness deal much more melee damage.", 
            "displayName": "Lightswitch", 
            "icon": "/common/destiny_content/icons/1d4937073d2904ca28946a3b891f078d.png"
        }, 
        {
            "description": "Guardian Melee damage is greatly increased.", 
            "displayName": "Brawler", 
            "icon": "/common/destiny_content/icons/df14d2a080bbc8b940be81141cac24bd.png"
        }, 
        {
            "description": "If all players die, your Fireteam is returned to Orbit.", 
            "displayName": "Nightfall", 
            "icon": "/common/destiny_content/icons/64c90647b9ca6c5cffbc631357636c7b.png"
        }
    ], 
    "tier": 1
}