{
    "activityDescription": "Obtain this Quest in Destiny to learn more.", 
    "activityHash": 269981320, 
    "activityLevel": 0, 
    "activityName": "Classified", 
    "activityPower": 0.0, 
    "activityTypeHash": 1686739444, 
    "completionFlagHash": 0, 
    "destinationHash": 0, 
    "hash": 0, 
    "icon": "/common/destiny_content/icons/b72375855ce0d217882f1fde673fc370.png", 
    "index": 0, 
    "isPlaylist": false, 
    "maxParty": 0, 
    "maxPlayers": 0, 
    "minParty": 0, 
    "pgcrImage": "/img/theme/destiny/bgs/pgcrs/the_promethean_code.jpg", 
    "placeHash": 0, 
    "releaseIcon": "/common/destiny_content/icons/95baf9975a03e53d6e10ea58a0b1d013.png", 
    "releaseTime": 0, 
    "rewards": [], 
    "skulls": [], 
    "tier": 0
}