{
    "activityDescription": "Just beyond their warbase, Valus Ta'aurc, Fleet Commander of the Cabal Siege Dancers, hides in an Imperial Land Tank. Fight through his guard and stop this terror before he destroys all of Freehold.", 
    "activityHash": 2776273577, 
    "activityLevel": 20, 
    "activityName": "Cerberus Vae III", 
    "activityPower": 0.0, 
    "activityTypeHash": 2889152536, 
    "completionFlagHash": 3948960174, 
    "destinationHash": 4072959335, 
    "hash": 0, 
    "icon": "/common/destiny_content/icons/63e1fbc1a10a4e4338b63cb5e3887e35.png", 
    "index": 0, 
    "isPlaylist": false, 
    "maxParty": 3, 
    "maxPlayers": 3, 
    "minParty": 1, 
    "pgcrImage": "/img/theme/destiny/bgs/pgcrs/strike_cerberus_vae_III.jpg", 
    "placeHash": 2809578934, 
    "releaseIcon": "/img/misc/missing_icon.png", 
    "releaseTime": 0, 
    "rewards": [], 
    "skulls": [], 
    "tier": 1
}