{
    "activityDescription": "Launches a random Legacy strike.", 
    "activityHash": 2819394450, 
    "activityLevel": 20, 
    "activityName": "Vanguard Legacy", 
    "activityPower": 0.0, 
    "activityTypeHash": 2889152536, 
    "completionFlagHash": 2483466517, 
    "destinationHash": 2512542997, 
    "hash": 0, 
    "icon": "/common/destiny_content/icons/63e1fbc1a10a4e4338b63cb5e3887e35.png", 
    "index": 0, 
    "isPlaylist": true, 
    "maxParty": 3, 
    "maxPlayers": 3, 
    "minParty": 1, 
    "pgcrImage": "/img/theme/destiny/bgs/pgcrs/placeholder.jpg", 
    "placeHash": 3747705955, 
    "releaseIcon": "/img/misc/missing_icon.png", 
    "releaseTime": 0, 
    "rewards": [
        {
            "rewardItems": [
                {
                    "itemHash": 1415325174, 
                    "value": 0
                }
            ]
        }, 
        {
            "rewardItems": [
                {
                    "itemHash": 3110575382, 
                    "value": 0
                }
            ]
        }, 
        {
            "rewardItems": [
                {
                    "itemHash": 3006793116, 
                    "value": 0
                }
            ]
        }
    ], 
    "skulls": [], 
    "tier": 1
}