{
    "activityDescription": "As the Vex march to claim the Ishtar Sink, the Fallen House of Winter is raising a powerful Archon, stolen from the Prison of Elders in the Reef. Find the Archon before they fully restore his soul.", 
    "activityHash": 2896357417, 
    "activityLevel": 42, 
    "activityName": "Winter's Run", 
    "activityPower": 0.0, 
    "activityTypeHash": 575572995, 
    "completionFlagHash": 4277987026, 
    "destinationHash": 518553403, 
    "hash": 0, 
    "icon": "/img/theme/destiny/icons/node_strike_nightfall.png", 
    "index": 0, 
    "isPlaylist": false, 
    "maxParty": 3, 
    "maxPlayers": 3, 
    "minParty": 1, 
    "pgcrImage": "/img/theme/destiny/bgs/pgcrs/story_venus_2.jpg", 
    "placeHash": 3871070152, 
    "releaseIcon": "/img/misc/missing_icon.png", 
    "releaseTime": 0, 
    "rewards": [], 
    "skulls": [], 
    "tier": 1
}