{
    "activityDescription": "\"It takes improvisation to win with what you find on the battlefield.\" \u2014Lord Shaxx\n\nTake the Armament and destroy your foes.", 
    "activityHash": 2926133958, 
    "activityLevel": 1, 
    "activityName": "Arsenal", 
    "activityPower": 0.0, 
    "activityTypeHash": 1030667770, 
    "completionFlagHash": 865230713, 
    "destinationHash": 2777041980, 
    "hash": 0, 
    "icon": "/common/destiny_content/icons/6e0870cb34046183e0cc773c489b83ea.png", 
    "index": 0, 
    "isPlaylist": true, 
    "maxParty": 3, 
    "maxPlayers": 6, 
    "minParty": 1, 
    "pgcrImage": "/img/theme/destiny/bgs/pgcrs/placeholder.jpg", 
    "placeHash": 4088006058, 
    "releaseIcon": "/common/destiny_content/icons/95baf9975a03e53d6e10ea58a0b1d013.png", 
    "releaseTime": 0, 
    "rewards": [], 
    "skulls": [], 
    "tier": -1
}