{
    "activityDescription": "Head off the House of Wolves on Venus before their Kell, Skolas, can wrest control of the House of Winter.", 
    "activityHash": 2931947534, 
    "activityLevel": 16, 
    "activityName": "A Kell Rising", 
    "activityPower": 0.0, 
    "activityTypeHash": 1686739444, 
    "completionFlagHash": 913134368, 
    "destinationHash": 518553403, 
    "hash": 0, 
    "icon": "/common/destiny_content/icons/b72375855ce0d217882f1fde673fc370.png", 
    "index": 0, 
    "isPlaylist": false, 
    "maxParty": 3, 
    "maxPlayers": 3, 
    "minParty": 1, 
    "pgcrImage": "/img/theme/destiny/bgs/pgcrs/wolves_of_winter.jpg", 
    "placeHash": 3871070152, 
    "releaseIcon": "/common/destiny_content/icons/b9848586b7660a42a5460d4b898cf115.png", 
    "releaseTime": 0, 
    "rewards": [
        {
            "rewardItems": [
                {
                    "itemHash": 1315532320, 
                    "value": 0
                }
            ]
        }
    ], 
    "skulls": [], 
    "tier": 1
}