{
    "activityDescription": "An ancient Mind, feared by the Vex themselves, hides among the channels of the Black Garden. Find this machine and end its existence.", 
    "activityHash": 2989915775, 
    "activityLevel": 42, 
    "activityName": "The Undying Mind", 
    "activityPower": 0.0, 
    "activityTypeHash": 575572995, 
    "completionFlagHash": 4149837810, 
    "destinationHash": 4072959335, 
    "hash": 0, 
    "icon": "/img/theme/destiny/icons/node_strike_nightfall.png", 
    "index": 0, 
    "isPlaylist": false, 
    "maxParty": 3, 
    "maxPlayers": 3, 
    "minParty": 1, 
    "pgcrImage": "/img/theme/destiny/bgs/pgcrs/strike_undying_mind.jpg", 
    "placeHash": 2809578934, 
    "releaseIcon": "/img/misc/missing_icon.png", 
    "releaseTime": 0, 
    "rewards": [], 
    "skulls": [], 
    "tier": 1
}