{
    "activityDescription": "This renegade Wolf was dangerous enough before he murdered one of his own Archons.", 
    "activityHash": 3025411906, 
    "activityLevel": 28, 
    "activityName": "The Archon-Slayer", 
    "activityPower": 0.0, 
    "activityTypeHash": 1801258597, 
    "completionFlagHash": 1046756362, 
    "destinationHash": 4233735899, 
    "hash": 0, 
    "icon": "/common/destiny_content/icons/7362972d87ac5ba4d55c28b2b7abc374.png", 
    "index": 0, 
    "isPlaylist": false, 
    "maxParty": 3, 
    "maxPlayers": 3, 
    "minParty": 1, 
    "pgcrImage": "/img/theme/destiny/bgs/pgcrs/default.jpg", 
    "placeHash": 3128647858, 
    "releaseIcon": "/common/destiny_content/icons/b9848586b7660a42a5460d4b898cf115.png", 
    "releaseTime": 0, 
    "rewards": [
        {
            "rewardItems": [
                {
                    "itemHash": 1315532320, 
                    "value": 0
                }
            ]
        }
    ], 
    "skulls": [], 
    "tier": 1
}