{
    "activityDescription": "Travel deep into the heart of the Dreadnaught in pursuit of a Cabal assault team. Stop it from detonating the Hive ship's core.", 
    "activityHash": 3027976182, 
    "activityLevel": 41, 
    "activityName": "Shield Brothers", 
    "activityPower": 0.0, 
    "activityTypeHash": 2889152536, 
    "completionFlagHash": 918224300, 
    "destinationHash": 2897855902, 
    "hash": 0, 
    "icon": "/img/theme/destiny/icons/node_strike_featured.png", 
    "index": 0, 
    "isPlaylist": false, 
    "maxParty": 3, 
    "maxPlayers": 3, 
    "minParty": 1, 
    "pgcrImage": "/img/theme/destiny/bgs/pgcrs/shield_brothers.jpg", 
    "placeHash": 596872852, 
    "releaseIcon": "/common/destiny_content/icons/95baf9975a03e53d6e10ea58a0b1d013.png", 
    "releaseTime": 0, 
    "rewards": [], 
    "skulls": [], 
    "tier": 1
}