{
    "activityDescription": "The Hive gather the Darkness around them as they raise abominations from their pits within the Moon.", 
    "activityHash": 308091852, 
    "activityLevel": 32, 
    "activityName": "Weekly Heroic Strike", 
    "activityPower": 0.0, 
    "activityTypeHash": 4164571395, 
    "completionFlagHash": 4185808064, 
    "destinationHash": 4233735899, 
    "hash": 0, 
    "icon": "/img/theme/destiny/icons/node_strike_featured.png", 
    "index": 0, 
    "isPlaylist": false, 
    "maxParty": 3, 
    "maxPlayers": 3, 
    "minParty": 1, 
    "pgcrImage": "/img/theme/destiny/bgs/pgcrs/patrol_moon.jpg", 
    "placeHash": 3128647858, 
    "releaseIcon": "/img/misc/missing_icon.png", 
    "releaseTime": 0, 
    "rewards": [
        {
            "rewardItems": [
                {
                    "itemHash": 3037982556, 
                    "value": 9
                }
            ]
        }, 
        {
            "rewardItems": [
                {
                    "itemHash": 523605903, 
                    "value": 10
                }
            ]
        }, 
        {
            "rewardItems": [
                {
                    "itemHash": 3110575382, 
                    "value": 400
                }
            ]
        }, 
        {
            "rewardItems": [
                {
                    "itemHash": 3037982556, 
                    "value": 6
                }
            ]
        }, 
        {
            "rewardItems": [
                {
                    "itemHash": 523605903, 
                    "value": 7
                }
            ]
        }, 
        {
            "rewardItems": [
                {
                    "itemHash": 3110575382, 
                    "value": 250
                }
            ]
        }, 
        {
            "rewardItems": [
                {
                    "itemHash": 3037982556, 
                    "value": 3
                }
            ]
        }, 
        {
            "rewardItems": [
                {
                    "itemHash": 523605903, 
                    "value": 4
                }
            ]
        }, 
        {
            "rewardItems": [
                {
                    "itemHash": 3110575382, 
                    "value": 150
                }
            ]
        }
    ], 
    "skulls": [
        {
            "description": "Enemies appear in greater numbers and are more aggressive.", 
            "displayName": "Heroic", 
            "icon": "/common/destiny_content/icons/cb38a7d5b24303af8cfbdf57b376e460.png"
        }, 
        {
            "description": "Primary Weapon damage is favored.", 
            "displayName": "Small Arms", 
            "icon": "/common/destiny_content/icons/0933496720f8dafc7db0d9fdfab24e48.png"
        }
    ], 
    "tier": 3
}