{
    "activityDescription": "Confront Valus Ta'aurc, Fleet Commander of the Cabal Siege Dancers, before he destroys all of Freehold.", 
    "activityHash": 3209623958, 
    "activityLevel": 32, 
    "activityName": "Weekly Nightfall Strike", 
    "activityPower": 0.0, 
    "activityTypeHash": 575572995, 
    "completionFlagHash": 4185808065, 
    "destinationHash": 4072959335, 
    "hash": 0, 
    "icon": "/img/theme/destiny/icons/node_strike_nightfall.png", 
    "index": 0, 
    "isPlaylist": false, 
    "maxParty": 3, 
    "maxPlayers": 3, 
    "minParty": 1, 
    "pgcrImage": "/img/theme/destiny/bgs/pgcrs/patrol_mars.jpg", 
    "placeHash": 2809578934, 
    "releaseIcon": "/img/misc/missing_icon.png", 
    "releaseTime": 0, 
    "rewards": [
        {
            "rewardItems": [
                {
                    "itemHash": 3747303650, 
                    "value": 0
                }
            ]
        }
    ], 
    "skulls": [
        {
            "description": "Heavily shielded and highly aggressive enemies appear in great numbers.", 
            "displayName": "Epic", 
            "icon": "/common/destiny_content/icons/5bcd33d7ab2bc06b08c4dff7f50b643a.png"
        }, 
        {
            "description": "If all players die, your Fireteam is returned to Orbit.", 
            "displayName": "Nightfall", 
            "icon": "/common/destiny_content/icons/64c90647b9ca6c5cffbc631357636c7b.png"
        }, 
        {
            "description": "Arc Damage from any source is greatly increased.", 
            "displayName": "Arc Burn", 
            "icon": "/common/destiny_content/icons/43a8001abb39daa2d8be5d04d9041bdc.png"
        }, 
        {
            "description": "Guardian Melee damage is greatly increased.", 
            "displayName": "Brawler", 
            "icon": "/common/destiny_content/icons/df14d2a080bbc8b940be81141cac24bd.png"
        }, 
        {
            "description": "Solar Damage from any source is greatly increased.", 
            "displayName": "Solar Burn", 
            "icon": "/common/destiny_content/icons/6ef3355be16c0ca6677a0f1c9e9a99b7.png"
        }
    ], 
    "tier": 1
}