{
    "activityDescription": "\"Leave no ally behind, and no enemy standing.\" \u2014Lord Shaxx \n\nSmall-team tactics. Kill the enemy. Revive teammates.", 
    "activityHash": 3252534714, 
    "activityLevel": 1, 
    "activityName": "Doubles", 
    "activityPower": 0.0, 
    "activityTypeHash": 3957072814, 
    "completionFlagHash": 1817554765, 
    "destinationHash": 2777041980, 
    "hash": 0, 
    "icon": "/common/destiny_content/icons/icon_pvp_88832e2e9d69bf8662bde1a803deb38f.png", 
    "index": 0, 
    "isPlaylist": true, 
    "maxParty": 2, 
    "maxPlayers": 4, 
    "minParty": 1, 
    "pgcrImage": "/img/theme/destiny/bgs/pgcrs/placeholder.jpg", 
    "placeHash": 4088006058, 
    "releaseIcon": "/common/destiny_content/icons/95baf9975a03e53d6e10ea58a0b1d013.png", 
    "releaseTime": 0, 
    "rewards": [], 
    "skulls": [], 
    "tier": -1
}