{
    "activityDescription": "Head to the tunnels under Freehold on Mars and face down the Conductive Mind for your own source of Arc.", 
    "activityHash": 3315158082, 
    "activityLevel": 25, 
    "activityName": "A Spark in Shadow", 
    "activityPower": 0.0, 
    "activityTypeHash": 2881466965, 
    "completionFlagHash": 1907379237, 
    "destinationHash": 4072959335, 
    "hash": 0, 
    "icon": "/common/destiny_content/icons/7362972d87ac5ba4d55c28b2b7abc374.png", 
    "index": 0, 
    "isPlaylist": false, 
    "maxParty": 1, 
    "maxPlayers": 1, 
    "minParty": 1, 
    "pgcrImage": "/img/theme/destiny/bgs/pgcrs/a_spark_in_shadow.jpg", 
    "placeHash": 2809578934, 
    "releaseIcon": "/common/destiny_content/icons/95baf9975a03e53d6e10ea58a0b1d013.png", 
    "releaseTime": 0, 
    "rewards": [
        {
            "rewardItems": [
                {
                    "itemHash": 1315532320, 
                    "value": 0
                }
            ]
        }
    ], 
    "skulls": [], 
    "tier": 1
}