{
    "activityDescription": "Track a signal from the crashed Cabal ship. Board the Dreadnaught and put an end to this transmission to the stars.", 
    "activityHash": 3343284688, 
    "activityLevel": 38, 
    "activityName": "Outbound Signal", 
    "activityPower": 0.0, 
    "activityTypeHash": 1686739444, 
    "completionFlagHash": 969440619, 
    "destinationHash": 2897855902, 
    "hash": 0, 
    "icon": "/common/destiny_content/icons/b72375855ce0d217882f1fde673fc370.png", 
    "index": 0, 
    "isPlaylist": false, 
    "maxParty": 3, 
    "maxPlayers": 3, 
    "minParty": 1, 
    "pgcrImage": "/img/theme/destiny/bgs/pgcrs/outbound_signal.jpg", 
    "placeHash": 596872852, 
    "releaseIcon": "/common/destiny_content/icons/95baf9975a03e53d6e10ea58a0b1d013.png", 
    "releaseTime": 0, 
    "rewards": [
        {
            "rewardItems": [
                {
                    "itemHash": 1315532320, 
                    "value": 0
                }
            ]
        }
    ], 
    "skulls": [], 
    "tier": 1
}