{
    "activityDescription": "Glory and treasure await those who survive.", 
    "activityHash": 3393673804, 
    "activityLevel": 28, 
    "activityName": "Prison of Elders", 
    "activityPower": 0.0, 
    "activityTypeHash": 680256650, 
    "completionFlagHash": 2556072628, 
    "destinationHash": 3393905939, 
    "hash": 0, 
    "icon": "/common/destiny_content/icons/12858f0fe655e145905c2233282dc6c7.png", 
    "index": 0, 
    "isPlaylist": false, 
    "maxParty": 3, 
    "maxPlayers": 3, 
    "minParty": 1, 
    "pgcrImage": "/img/theme/destiny/bgs/pgcrs/prison_of_elders.jpg", 
    "placeHash": 2512485647, 
    "releaseIcon": "/common/destiny_content/icons/b9848586b7660a42a5460d4b898cf115.png", 
    "releaseTime": 0, 
    "rewards": [
        {
            "rewardItems": [
                {
                    "itemHash": 2759745988, 
                    "value": 0
                }
            ]
        }, 
        {
            "rewardItems": [
                {
                    "itemHash": 2421755581, 
                    "value": 0
                }
            ]
        }, 
        {
            "rewardItems": [
                {
                    "itemHash": 3110575382, 
                    "value": 25
                }
            ]
        }, 
        {
            "rewardItems": [
                {
                    "itemHash": 3006793116, 
                    "value": 0
                }
            ]
        }, 
        {
            "rewardItems": [
                {
                    "itemHash": 1415325174, 
                    "value": 0
                }
            ]
        }
    ], 
    "skulls": [], 
    "tier": 1
}