{
    "activityDescription": "Hunt and kill Draksis, the House of Winter's Kell, hiding deep in the caves of the Ishtar Sink.", 
    "activityHash": 3399843407, 
    "activityLevel": 14, 
    "activityName": "Scourge of Winter", 
    "activityPower": 0.0, 
    "activityTypeHash": 1686739444, 
    "completionFlagHash": 894321852, 
    "destinationHash": 518553403, 
    "hash": 0, 
    "icon": "/common/destiny_content/icons/b72375855ce0d217882f1fde673fc370.png", 
    "index": 0, 
    "isPlaylist": false, 
    "maxParty": 3, 
    "maxPlayers": 3, 
    "minParty": 1, 
    "pgcrImage": "/img/theme/destiny/bgs/pgcrs/story_venus_4.jpg", 
    "placeHash": 3871070152, 
    "releaseIcon": "/img/misc/missing_icon.png", 
    "releaseTime": 0, 
    "rewards": [
        {
            "rewardItems": [
                {
                    "itemHash": 1315532320, 
                    "value": 0
                }
            ]
        }
    ], 
    "skulls": [], 
    "tier": 1
}