{
    "activityDescription": "Find the Collective's lost Archive, sealed for centuries, in a vault deep beneath the Ishtar Academy.", 
    "activityHash": 3399843404, 
    "activityLevel": 12, 
    "activityName": "The Archive", 
    "activityPower": 0.0, 
    "activityTypeHash": 1686739444, 
    "completionFlagHash": 1351050613, 
    "destinationHash": 518553403, 
    "hash": 0, 
    "icon": "/common/destiny_content/icons/b72375855ce0d217882f1fde673fc370.png", 
    "index": 0, 
    "isPlaylist": false, 
    "maxParty": 3, 
    "maxPlayers": 3, 
    "minParty": 1, 
    "pgcrImage": "/img/theme/destiny/bgs/pgcrs/story_venus_3.jpg", 
    "placeHash": 3871070152, 
    "releaseIcon": "/img/misc/missing_icon.png", 
    "releaseTime": 0, 
    "rewards": [
        {
            "rewardItems": [
                {
                    "itemHash": 1315532320, 
                    "value": 0
                }
            ]
        }
    ], 
    "skulls": [], 
    "tier": 1
}