{
    "activityDescription": "Omnigul, the mastermind of Crota's armies, nests in the Cosmodrome. Eliminate this horror and purge its spawn.", 
    "activityHash": 3422670339, 
    "activityLevel": 42, 
    "activityName": "The Will of Crota", 
    "activityPower": 0.0, 
    "activityTypeHash": 575572995, 
    "completionFlagHash": 1872715353, 
    "destinationHash": 3393213630, 
    "hash": 0, 
    "icon": "/img/theme/destiny/icons/node_strike_nightfall.png", 
    "index": 0, 
    "isPlaylist": false, 
    "maxParty": 3, 
    "maxPlayers": 3, 
    "minParty": 1, 
    "pgcrImage": "/img/theme/destiny/bgs/pgcrs/story_cosmo_3.jpg", 
    "placeHash": 3747705955, 
    "releaseIcon": "/common/destiny_content/icons/0b318e4cc7c6dfce0e89d922a0327a8d.png", 
    "releaseTime": 0, 
    "rewards": [], 
    "skulls": [], 
    "tier": 1
}