{
    "activityDescription": "Investigate the rumors of a Taken coven in the Cosmodrome.", 
    "activityHash": 3422924470, 
    "activityLevel": 40, 
    "activityName": "Blighted Coven", 
    "activityPower": 0.0, 
    "activityTypeHash": 1801258597, 
    "completionFlagHash": 2079210505, 
    "destinationHash": 3393213630, 
    "hash": 0, 
    "icon": "/common/destiny_content/icons/7362972d87ac5ba4d55c28b2b7abc374.png", 
    "index": 0, 
    "isPlaylist": false, 
    "maxParty": 3, 
    "maxPlayers": 3, 
    "minParty": 1, 
    "pgcrImage": "/img/theme/destiny/bgs/pgcrs/blighted_coven.jpg", 
    "placeHash": 3747705955, 
    "releaseIcon": "/common/destiny_content/icons/95baf9975a03e53d6e10ea58a0b1d013.png", 
    "releaseTime": 0, 
    "rewards": [
        {
            "rewardItems": [
                {
                    "itemHash": 1315532320, 
                    "value": 0
                }
            ]
        }
    ], 
    "skulls": [], 
    "tier": 1
}