{
    "activityDescription": "Launches a random Heroic strike.", 
    "activityHash": 3476387771, 
    "activityLevel": 41, 
    "activityName": "Vanguard Heroic Strikes", 
    "activityPower": 0.0, 
    "activityTypeHash": 2889152536, 
    "completionFlagHash": 3867076814, 
    "destinationHash": 2512542997, 
    "hash": 0, 
    "icon": "/img/theme/destiny/icons/node_strike_featured.png", 
    "index": 0, 
    "isPlaylist": true, 
    "maxParty": 3, 
    "maxPlayers": 3, 
    "minParty": 1, 
    "pgcrImage": "/img/theme/destiny/bgs/pgcrs/placeholder.jpg", 
    "placeHash": 3747705955, 
    "releaseIcon": "/common/destiny_content/icons/95baf9975a03e53d6e10ea58a0b1d013.png", 
    "releaseTime": 0, 
    "rewards": [
        {
            "rewardItems": [
                {
                    "itemHash": 1474037696, 
                    "value": 0
                }
            ]
        }, 
        {
            "rewardItems": [
                {
                    "itemHash": 3510203897, 
                    "value": 10
                }
            ]
        }, 
        {
            "rewardItems": [
                {
                    "itemHash": 3653611614, 
                    "value": 0
                }
            ]
        }, 
        {
            "rewardItems": [
                {
                    "itemHash": 2488248952, 
                    "value": 0
                }
            ]
        }, 
        {
            "rewardItems": [
                {
                    "itemHash": 949183486, 
                    "value": 0
                }
            ]
        }, 
        {
            "rewardItems": [
                {
                    "itemHash": 3006793116, 
                    "value": 0
                }
            ]
        }
    ], 
    "skulls": [
        {
            "description": "Enemies appear in greater numbers and are more aggressive.", 
            "displayName": "Heroic", 
            "icon": "/common/destiny_content/icons/cb38a7d5b24303af8cfbdf57b376e460.png"
        }, 
        {
            "description": "Arc Damage from any source is greatly increased.", 
            "displayName": "Arc Burn", 
            "icon": "/common/destiny_content/icons/43a8001abb39daa2d8be5d04d9041bdc.png"
        }, 
        {
            "description": "Solar damage from any source is greatly increased.", 
            "displayName": "Solar Burn", 
            "icon": "/common/destiny_content/icons/6ef3355be16c0ca6677a0f1c9e9a99b7.png"
        }, 
        {
            "description": "Void damage from any source is greatly increased.", 
            "displayName": "Void Burn", 
            "icon": "/common/destiny_content/icons/939819db695701a1dcfe77d32673e39f.png"
        }, 
        {
            "description": "Minions of the Darkness won't flinch, even after massive damage.", 
            "displayName": "Berserk", 
            "icon": "/common/destiny_content/icons/f025014c21ea11a437a470e1112bc0f5.png"
        }, 
        {
            "description": "Guardian melee damage is greatly increased.", 
            "displayName": "Brawler", 
            "icon": "/common/destiny_content/icons/df14d2a080bbc8b940be81141cac24bd.png"
        }, 
        {
            "description": "Minions of the Darkness deal much more melee damage.", 
            "displayName": "Lightswitch", 
            "icon": "/common/destiny_content/icons/1d4937073d2904ca28946a3b891f078d.png"
        }, 
        {
            "description": "Primary Weapon damage is favored.", 
            "displayName": "Small Arms", 
            "icon": "/common/destiny_content/icons/0933496720f8dafc7db0d9fdfab24e48.png"
        }, 
        {
            "description": "Special Weapon damage is favored.", 
            "displayName": "Specialist", 
            "icon": "/common/destiny_content/icons/ddbb67e0949b7a5e6803203d2acd01c4.png"
        }, 
        {
            "description": "No ammo drops for your equipped weapon.", 
            "displayName": "Juggler", 
            "icon": "/common/destiny_content/icons/36e957e392a1a2deb9e1d5a8679f35b9.png"
        }, 
        {
            "description": "Players take more damage while airborne.", 
            "displayName": "Grounded", 
            "icon": "/common/destiny_content/icons/c791e4486bae185fb400fff7e203eda9.png"
        }, 
        {
            "description": "Enemies fire more frequently and more accurately.", 
            "displayName": "Bloodthirsty", 
            "icon": "/common/destiny_content/icons/8ab48beb77d3a214ee14b4517e69196c.png"
        }, 
        {
            "description": "Player radar is disabled.", 
            "displayName": "Chaff", 
            "icon": "/common/destiny_content/icons/3c4ceaf5278dede7709809855d196771.png"
        }, 
        {
            "description": "Some enemy squads have been fortified with additional reinforcements.", 
            "displayName": "Fresh Troops", 
            "icon": "/common/destiny_content/icons/1ab757c3387537307c26a252a2e1ccf5.png"
        }, 
        {
            "description": "More enemies have shields.", 
            "displayName": "Ironclad", 
            "icon": "/common/destiny_content/icons/3b69125b8ea92fed6cc968b2505a95fb.png"
        }, 
        {
            "description": "Enemy shields are resistant to all unmatched Elemental Damage.", 
            "displayName": "Match Game", 
            "icon": "/common/destiny_content/icons/722369ef88c9a5a268b07c521cfe11a4.png"
        }
    ], 
    "tier": 1
}