{
    "activityDescription": "The death of Crota was a beacon, a signal cast across the stars. The night has answered.", 
    "activityHash": 3493774909, 
    "activityLevel": 1, 
    "activityName": "The Taken King: Prelude", 
    "activityPower": 0.0, 
    "activityTypeHash": 2201105581, 
    "completionFlagHash": 1298094920, 
    "destinationHash": 2897855902, 
    "hash": 0, 
    "icon": "/common/destiny_content/icons/b72375855ce0d217882f1fde673fc370.png", 
    "index": 0, 
    "isPlaylist": false, 
    "maxParty": 3, 
    "maxPlayers": 3, 
    "minParty": 1, 
    "pgcrImage": "/img/theme/destiny/bgs/pgcrs/placeholder.jpg", 
    "placeHash": 596872852, 
    "releaseIcon": "/common/destiny_content/icons/95baf9975a03e53d6e10ea58a0b1d013.png", 
    "releaseTime": 0, 
    "rewards": [], 
    "skulls": [], 
    "tier": 1
}