{
    "activityDescription": "\"Leave no ally behind, and no enemy standing.\" \u2014Lord Shaxx \n\nSmall-team tactics. Kill the enemy. Revive teammates.", 
    "activityHash": 3527709396, 
    "activityLevel": 1, 
    "activityName": "Skirmish", 
    "activityPower": 0.0, 
    "activityTypeHash": 3990775146, 
    "completionFlagHash": 3408788159, 
    "destinationHash": 2777041980, 
    "hash": 0, 
    "icon": "/common/destiny_content/icons/icon_pvp_861c57fe187f7ab2743a647b73dd1973.png", 
    "index": 0, 
    "isPlaylist": true, 
    "maxParty": 3, 
    "maxPlayers": 6, 
    "minParty": 1, 
    "pgcrImage": "/img/theme/destiny/bgs/pgcrs/placeholder.jpg", 
    "placeHash": 4088006058, 
    "releaseIcon": "/common/destiny_content/icons/95baf9975a03e53d6e10ea58a0b1d013.png", 
    "releaseTime": 0, 
    "rewards": [
        {
            "rewardItems": [
                {
                    "itemHash": 3510203897, 
                    "value": 15
                }
            ]
        }
    ], 
    "skulls": [], 
    "tier": -1
}