{
    "activityDescription": "Find Rasputin's bunker. Defend it against the Hive attack.", 
    "activityHash": 3549856929, 
    "activityLevel": 41, 
    "activityName": "Siege of the Warmind", 
    "activityPower": 0.0, 
    "activityTypeHash": 1686739444, 
    "completionFlagHash": 1669839107, 
    "destinationHash": 3393213630, 
    "hash": 0, 
    "icon": "/common/destiny_content/icons/b72375855ce0d217882f1fde673fc370.png", 
    "index": 0, 
    "isPlaylist": false, 
    "maxParty": 3, 
    "maxPlayers": 3, 
    "minParty": 1, 
    "pgcrImage": "/img/theme/destiny/bgs/pgcrs/story_seige_of_the_warmind.jpg", 
    "placeHash": 3747705955, 
    "releaseIcon": "/common/destiny_content/icons/0b318e4cc7c6dfce0e89d922a0327a8d.png", 
    "releaseTime": 0, 
    "rewards": [
        {
            "rewardItems": [
                {
                    "itemHash": 3510203897, 
                    "value": 15
                }
            ]
        }
    ], 
    "skulls": [
        {
            "description": "Enemies appear in greater numbers and are more aggressive.", 
            "displayName": "Heroic", 
            "icon": "/common/destiny_content/icons/cb38a7d5b24303af8cfbdf57b376e460.png"
        }
    ], 
    "tier": 2
}