{
    "activityDescription": "Track Skolas and his crew of Wolves along the Ishtar Cliffs.", 
    "activityHash": 3575840788, 
    "activityLevel": 22, 
    "activityName": "Wolves' Gambit", 
    "activityPower": 0.0, 
    "activityTypeHash": 1686739444, 
    "completionFlagHash": 3638778960, 
    "destinationHash": 518553403, 
    "hash": 0, 
    "icon": "/common/destiny_content/icons/b72375855ce0d217882f1fde673fc370.png", 
    "index": 0, 
    "isPlaylist": false, 
    "maxParty": 3, 
    "maxPlayers": 3, 
    "minParty": 1, 
    "pgcrImage": "/img/theme/destiny/bgs/pgcrs/default.jpg", 
    "placeHash": 3871070152, 
    "releaseIcon": "/common/destiny_content/icons/b9848586b7660a42a5460d4b898cf115.png", 
    "releaseTime": 0, 
    "rewards": [
        {
            "rewardItems": [
                {
                    "itemHash": 1315532320, 
                    "value": 0
                }
            ]
        }
    ], 
    "skulls": [], 
    "tier": 1
}