{
    "activityDescription": "Travel deep into the heart of the Dreadnaught in pursuit of a Cabal assault team. Stop it from detonating the Hive ship's core.", 
    "activityHash": 3575520714, 
    "activityLevel": 42, 
    "activityName": "Shield Brothers", 
    "activityPower": 0.0, 
    "activityTypeHash": 4110605575, 
    "completionFlagHash": 918224300, 
    "destinationHash": 2897855902, 
    "hash": 0, 
    "icon": "/common/destiny_content/icons/63e1fbc1a10a4e4338b63cb5e3887e35.png", 
    "index": 0, 
    "isPlaylist": false, 
    "maxParty": 3, 
    "maxPlayers": 3, 
    "minParty": 1, 
    "pgcrImage": "/img/theme/destiny/bgs/pgcrs/shield_brothers.jpg", 
    "placeHash": 596872852, 
    "releaseIcon": "/common/destiny_content/icons/95baf9975a03e53d6e10ea58a0b1d013.png", 
    "releaseTime": 0, 
    "rewards": [
        {
            "rewardItems": [
                {
                    "itemHash": 3006793116, 
                    "value": 0
                }
            ]
        }
    ], 
    "skulls": [
        {
            "description": "Heavily shielded and highly aggressive enemies appear in great numbers.", 
            "displayName": "Epic", 
            "icon": "/common/destiny_content/icons/5bcd33d7ab2bc06b08c4dff7f50b643a.png"
        }, 
        {
            "description": "Special Weapon damage is favored.", 
            "displayName": "Specialist", 
            "icon": "/common/destiny_content/icons/ddbb67e0949b7a5e6803203d2acd01c4.png"
        }
    ], 
    "tier": 1
}