{
    "activityDescription": "Plays cinematic credits", 
    "activityHash": 3593950004, 
    "activityLevel": 1, 
    "activityName": "Destiny Credits", 
    "activityPower": 0.0, 
    "activityTypeHash": 2201105581, 
    "completionFlagHash": 3870468609, 
    "destinationHash": 159602672, 
    "hash": 0, 
    "icon": "/common/destiny_content/icons/b72375855ce0d217882f1fde673fc370.png", 
    "index": 0, 
    "isPlaylist": false, 
    "maxParty": 1, 
    "maxPlayers": 1, 
    "minParty": 1, 
    "pgcrImage": "/img/theme/destiny/bgs/pgcrs/placeholder.jpg", 
    "placeHash": 3747705955, 
    "releaseIcon": "/img/misc/missing_icon.png", 
    "releaseTime": 0, 
    "rewards": [], 
    "skulls": [], 
    "tier": -1
}