{
    "activityDescription": "Only those who have proven their worth may enter the Trials.\n\nA string of victories will earn great rewards, but lose too many matches and your access will be denied.", 
    "activityHash": 3670262295, 
    "activityLevel": 42, 
    "activityName": "Trials of Osiris", 
    "activityPower": 0.0, 
    "activityTypeHash": 736189348, 
    "completionFlagHash": 377969578, 
    "destinationHash": 2777041980, 
    "hash": 0, 
    "icon": "/img/theme/destiny/icons/osiris_diamond.png", 
    "index": 0, 
    "isPlaylist": true, 
    "maxParty": 3, 
    "maxPlayers": 6, 
    "minParty": 3, 
    "pgcrImage": "/img/theme/destiny/bgs/pgcrs/placeholder.jpg", 
    "placeHash": 4088006058, 
    "releaseIcon": "/common/destiny_content/icons/95baf9975a03e53d6e10ea58a0b1d013.png", 
    "releaseTime": 0, 
    "rewards": [], 
    "skulls": [], 
    "tier": -1
}