{
    "activityDescription": "Hold the line against the Vex of the Black Garden and save the Nightstalker Tevis.", 
    "activityHash": 3705341715, 
    "activityLevel": 25, 
    "activityName": "A Ranger Found", 
    "activityPower": 0.0, 
    "activityTypeHash": 2881466965, 
    "completionFlagHash": 715206198, 
    "destinationHash": 4072959335, 
    "hash": 0, 
    "icon": "/common/destiny_content/icons/7362972d87ac5ba4d55c28b2b7abc374.png", 
    "index": 0, 
    "isPlaylist": false, 
    "maxParty": 1, 
    "maxPlayers": 1, 
    "minParty": 1, 
    "pgcrImage": "/img/theme/destiny/bgs/pgcrs/a_ranger_found.jpg", 
    "placeHash": 2809578934, 
    "releaseIcon": "/common/destiny_content/icons/95baf9975a03e53d6e10ea58a0b1d013.png", 
    "releaseTime": 0, 
    "rewards": [
        {
            "rewardItems": [
                {
                    "itemHash": 1315532320, 
                    "value": 0
                }
            ]
        }
    ], 
    "skulls": [], 
    "tier": 1
}