{
    "activityDescription": "Scour the Hive Fortress for a chamber where the Speaker believes a dark ritual is silencing the Traveler.", 
    "activityHash": 3711414560, 
    "activityLevel": 9, 
    "activityName": "Chamber of Night", 
    "activityPower": 0.0, 
    "activityTypeHash": 1686739444, 
    "completionFlagHash": 2880350029, 
    "destinationHash": 4233735899, 
    "hash": 0, 
    "icon": "/common/destiny_content/icons/b72375855ce0d217882f1fde673fc370.png", 
    "index": 0, 
    "isPlaylist": false, 
    "maxParty": 3, 
    "maxPlayers": 3, 
    "minParty": 1, 
    "pgcrImage": "/img/theme/destiny/bgs/pgcrs/story_moon_4.jpg", 
    "placeHash": 3128647858, 
    "releaseIcon": "/img/misc/missing_icon.png", 
    "releaseTime": 0, 
    "rewards": [
        {
            "rewardItems": [
                {
                    "itemHash": 1315532320, 
                    "value": 0
                }
            ]
        }
    ], 
    "skulls": [], 
    "tier": 1
}