{
    "activityDescription": "Pierce the Vex labyrinth and defeat the mind responsible for the transformation of Venus.", 
    "activityHash": 3731091063, 
    "activityLevel": 32, 
    "activityName": "Weekly Nightfall Strike", 
    "activityPower": 0.0, 
    "activityTypeHash": 575572995, 
    "completionFlagHash": 4185808065, 
    "destinationHash": 518553403, 
    "hash": 0, 
    "icon": "/img/theme/destiny/icons/node_strike_nightfall.png", 
    "index": 0, 
    "isPlaylist": false, 
    "maxParty": 3, 
    "maxPlayers": 3, 
    "minParty": 1, 
    "pgcrImage": "/img/theme/destiny/bgs/pgcrs/patrol_venus.jpg", 
    "placeHash": 3871070152, 
    "releaseIcon": "/img/misc/missing_icon.png", 
    "releaseTime": 0, 
    "rewards": [
        {
            "rewardItems": [
                {
                    "itemHash": 3747303650, 
                    "value": 0
                }
            ]
        }
    ], 
    "skulls": [
        {
            "description": "Heavily shielded and highly aggressive enemies appear in great numbers.", 
            "displayName": "Epic", 
            "icon": "/common/destiny_content/icons/5bcd33d7ab2bc06b08c4dff7f50b643a.png"
        }, 
        {
            "description": "If all players die, your Fireteam is returned to Orbit.", 
            "displayName": "Nightfall", 
            "icon": "/common/destiny_content/icons/64c90647b9ca6c5cffbc631357636c7b.png"
        }, 
        {
            "description": "Minions of the Darkness won't flinch, even after massive damage.", 
            "displayName": "Angry", 
            "icon": "/common/destiny_content/icons/f025014c21ea11a437a470e1112bc0f5.png"
        }, 
        {
            "description": "Guardian Melee damage is greatly increased.", 
            "displayName": "Brawler", 
            "icon": "/common/destiny_content/icons/df14d2a080bbc8b940be81141cac24bd.png"
        }, 
        {
            "description": "Players take more damage while airborne.", 
            "displayName": "Grounded", 
            "icon": "/common/destiny_content/icons/c791e4486bae185fb400fff7e203eda9.png"
        }
    ], 
    "tier": 1
}