{
    "activityDescription": "The Darkness gathers around Sepiks Prime as it absorbs the essence of everything the Fallen can steal.", 
    "activityHash": 403726674, 
    "activityLevel": 26, 
    "activityName": "Weekly Heroic Strike", 
    "activityPower": 0.0, 
    "activityTypeHash": 4164571395, 
    "completionFlagHash": 4185808066, 
    "destinationHash": 3393213630, 
    "hash": 0, 
    "icon": "/img/theme/destiny/icons/node_strike_featured.png", 
    "index": 0, 
    "isPlaylist": false, 
    "maxParty": 3, 
    "maxPlayers": 3, 
    "minParty": 1, 
    "pgcrImage": "/img/theme/destiny/bgs/pgcrs/patrol_cosmo.jpg", 
    "placeHash": 3747705955, 
    "releaseIcon": "/img/misc/missing_icon.png", 
    "releaseTime": 0, 
    "rewards": [
        {
            "rewardItems": [
                {
                    "itemHash": 3037982556, 
                    "value": 3
                }
            ]
        }, 
        {
            "rewardItems": [
                {
                    "itemHash": 523605903, 
                    "value": 3
                }
            ]
        }, 
        {
            "rewardItems": [
                {
                    "itemHash": 3110575382, 
                    "value": 150
                }
            ]
        }
    ], 
    "skulls": [
        {
            "description": "Enemies appear in greater numbers and are more aggressive.", 
            "displayName": "Heroic", 
            "icon": "/common/destiny_content/icons/cb38a7d5b24303af8cfbdf57b376e460.png"
        }, 
        {
            "description": "Solar Damage from any source is greatly increased.", 
            "displayName": "Solar Burn", 
            "icon": "/common/destiny_content/icons/6ef3355be16c0ca6677a0f1c9e9a99b7.png"
        }
    ], 
    "tier": 1
}