{
    "activityDescription": "\"This all started as a Warlock focus drill. The things I've seen them do with Rifts would be...very useful on a battlefield.\" \u2014Lord Shaxx \n\nCollect the Spark and ignite the enemy's Rift with it.", 
    "activityHash": 4055903037, 
    "activityLevel": 1, 
    "activityName": "Rift", 
    "activityPower": 0.0, 
    "activityTypeHash": 2833173037, 
    "completionFlagHash": 2398239304, 
    "destinationHash": 2777041980, 
    "hash": 0, 
    "icon": "/common/destiny_content/icons/icon_pvp_b6f9fe6fcff889bbb26025643266f403.png", 
    "index": 0, 
    "isPlaylist": true, 
    "maxParty": 6, 
    "maxPlayers": 12, 
    "minParty": 1, 
    "pgcrImage": "/img/theme/destiny/bgs/pgcrs/placeholder.jpg", 
    "placeHash": 4088006058, 
    "releaseIcon": "/common/destiny_content/icons/95baf9975a03e53d6e10ea58a0b1d013.png", 
    "releaseTime": 0, 
    "rewards": [
        {
            "rewardItems": [
                {
                    "itemHash": 3510203897, 
                    "value": 15
                }
            ]
        }
    ], 
    "skulls": [], 
    "tier": -1
}