{
    "activityDescription": "\"No mercy. No hesitation. It'll take nothing less to defeat the Darkness.\" \u2014Lord Shaxx \n\nAll-out team warfare. Destroy the enemy. Impress the Lords of Iron.", 
    "activityHash": 4168247421, 
    "activityLevel": 40, 
    "activityName": "Iron Banner Clash", 
    "activityPower": 0.0, 
    "activityTypeHash": 3432675002, 
    "completionFlagHash": 831864072, 
    "destinationHash": 2777041980, 
    "hash": 0, 
    "icon": "/common/destiny_content/icons/0ee91b79ba1366243832cf810afc3b75.jpg", 
    "index": 0, 
    "isPlaylist": true, 
    "maxParty": 6, 
    "maxPlayers": 12, 
    "minParty": 1, 
    "pgcrImage": "/img/theme/destiny/bgs/pgcrs/placeholder.jpg", 
    "placeHash": 4088006058, 
    "releaseIcon": "/common/destiny_content/icons/95baf9975a03e53d6e10ea58a0b1d013.png", 
    "releaseTime": 0, 
    "rewards": [], 
    "skulls": [], 
    "tier": -1
}