{
    "activityDescription": "\"Pure combat. Your only job is to make sure you're still standing when the dust settles.\" \u2014Lord Shaxx \n\nKill everything. Watch your back. No trackers. Only kills earn points.", 
    "activityHash": 4196724507, 
    "activityLevel": 1, 
    "activityName": "Inferno Rumble", 
    "activityPower": 0.0, 
    "activityTypeHash": 55476966, 
    "completionFlagHash": 1592451374, 
    "destinationHash": 2777041980, 
    "hash": 0, 
    "icon": "/common/destiny_content/icons/e5cffb85f5a2cb24772715853758636f.png", 
    "index": 0, 
    "isPlaylist": true, 
    "maxParty": 1, 
    "maxPlayers": 6, 
    "minParty": 1, 
    "pgcrImage": "/img/theme/destiny/bgs/pgcrs/placeholder.jpg", 
    "placeHash": 4088006058, 
    "releaseIcon": "/common/destiny_content/icons/95baf9975a03e53d6e10ea58a0b1d013.png", 
    "releaseTime": 0, 
    "rewards": [
        {
            "rewardItems": [
                {
                    "itemHash": 3510203897, 
                    "value": 10
                }
            ]
        }
    ], 
    "skulls": [], 
    "tier": -1
}