{
    "activityDescription": "The Fallen House of Devils in the Cosmodrome sustains its strength through a single Servitor known as Sepiks Prime. Find where this keeper of souls lies and destroy him.", 
    "activityHash": 4227723344, 
    "activityLevel": 8, 
    "activityName": "The Devils' Lair", 
    "activityPower": 0.0, 
    "activityTypeHash": 4110605575, 
    "completionFlagHash": 2337840961, 
    "destinationHash": 3393213630, 
    "hash": 0, 
    "icon": "/common/destiny_content/icons/63e1fbc1a10a4e4338b63cb5e3887e35.png", 
    "index": 0, 
    "isPlaylist": false, 
    "maxParty": 3, 
    "maxPlayers": 3, 
    "minParty": 1, 
    "pgcrImage": "/img/theme/destiny/bgs/pgcrs/story_cosmo_2.jpg", 
    "placeHash": 3747705955, 
    "releaseIcon": "/img/misc/missing_icon.png", 
    "releaseTime": 0, 
    "rewards": [
        {
            "rewardItems": [
                {
                    "itemHash": 3006793116, 
                    "value": 0
                }
            ]
        }
    ], 
    "skulls": [], 
    "tier": 1
}