{
    "activityDescription": "Omnigul, the mastermind of Crota's armies, nests in the Cosmodrome. Eliminate this horror and purge its spawn.", 
    "activityHash": 4227723347, 
    "activityLevel": 16, 
    "activityName": "The Will of Crota", 
    "activityPower": 0.0, 
    "activityTypeHash": 4110605575, 
    "completionFlagHash": 1872715353, 
    "destinationHash": 3393213630, 
    "hash": 0, 
    "icon": "/common/destiny_content/icons/63e1fbc1a10a4e4338b63cb5e3887e35.png", 
    "index": 0, 
    "isPlaylist": false, 
    "maxParty": 3, 
    "maxPlayers": 3, 
    "minParty": 1, 
    "pgcrImage": "/img/theme/destiny/bgs/pgcrs/strike_will_of_crota.jpg", 
    "placeHash": 3747705955, 
    "releaseIcon": "/common/destiny_content/icons/0b318e4cc7c6dfce0e89d922a0327a8d.png", 
    "releaseTime": 0, 
    "rewards": [
        {
            "rewardItems": [
                {
                    "itemHash": 3006793116, 
                    "value": 0
                }
            ]
        }
    ], 
    "skulls": [], 
    "tier": 1
}