{
    "activityDescription": "\"It's a tactical exercise in reinforcing and defending acquired territory. Should the Vanguard ever decide to expand past the walls of the City, the Guardians will be ready.\" \u2014Lord Shaxx\n\nCapture zones to increase points for every kill.", 
    "activityHash": 4242282035, 
    "activityLevel": 1, 
    "activityName": "Control", 
    "activityPower": 0.0, 
    "activityTypeHash": 3846426416, 
    "completionFlagHash": 3272430294, 
    "destinationHash": 2777041980, 
    "hash": 0, 
    "icon": "/common/destiny_content/icons/icon_pvp_80209e5d3802747a308bbdbe12bee676.png", 
    "index": 0, 
    "isPlaylist": true, 
    "maxParty": 6, 
    "maxPlayers": 12, 
    "minParty": 1, 
    "pgcrImage": "/img/theme/destiny/bgs/pgcrs/placeholder.jpg", 
    "placeHash": 4088006058, 
    "releaseIcon": "/common/destiny_content/icons/95baf9975a03e53d6e10ea58a0b1d013.png", 
    "releaseTime": 0, 
    "rewards": [
        {
            "rewardItems": [
                {
                    "itemHash": 3510203897, 
                    "value": 15
                }
            ]
        }
    ], 
    "skulls": [], 
    "tier": -1
}