{
    "activityDescription": "Fight through the shifting dunes and aid the City in their exploration efforts.", 
    "activityHash": 428290721, 
    "activityLevel": 17, 
    "activityName": "Patrol Mars", 
    "activityPower": 0.0, 
    "activityTypeHash": 3497767639, 
    "completionFlagHash": 1977875675, 
    "destinationHash": 4072959335, 
    "hash": 0, 
    "icon": "/common/destiny_content/icons/644f4c99c5c5d3bf8c854700d6309059.png", 
    "index": 0, 
    "isPlaylist": false, 
    "maxParty": 3, 
    "maxPlayers": 3, 
    "minParty": 1, 
    "pgcrImage": "/img/theme/destiny/bgs/pgcrs/patrol_mars.jpg", 
    "placeHash": 2809578934, 
    "releaseIcon": "/img/misc/missing_icon.png", 
    "releaseTime": 0, 
    "rewards": [
        {
            "rewardItems": [
                {
                    "itemHash": 3816379988, 
                    "value": 0
                }
            ]
        }, 
        {
            "rewardItems": [
                {
                    "itemHash": 3110575382, 
                    "value": 0
                }
            ]
        }
    ], 
    "skulls": [], 
    "tier": -1
}