{
    "activityDescription": "\"How will you handle a battle like this, I wonder?\" \u2014Lord Shaxx\n\nEmbrace the chaos. Greatly increased ability recharge rates. Faster Special Weapon and Heavy Ammo spawns. No respawn delay. Scoring values multiplied by 10.", 
    "activityHash": 492319725, 
    "activityLevel": 1, 
    "activityName": "Mayhem Rumble", 
    "activityPower": 0.0, 
    "activityTypeHash": 976536573, 
    "completionFlagHash": 1364431128, 
    "destinationHash": 2777041980, 
    "hash": 0, 
    "icon": "/common/destiny_content/icons/e5cffb85f5a2cb24772715853758636f.png", 
    "index": 0, 
    "isPlaylist": true, 
    "maxParty": 3, 
    "maxPlayers": 6, 
    "minParty": 1, 
    "pgcrImage": "/img/theme/destiny/bgs/pgcrs/placeholder.jpg", 
    "placeHash": 4088006058, 
    "releaseIcon": "/common/destiny_content/icons/95baf9975a03e53d6e10ea58a0b1d013.png", 
    "releaseTime": 0, 
    "rewards": [
        {
            "rewardItems": [
                {
                    "itemHash": 3510203897, 
                    "value": 10
                }
            ]
        }
    ], 
    "skulls": [], 
    "tier": -1
}