{
    "activityDescription": "A new Cabal force has unleashed powerful Psion Flayers to seize control of the old Martian Warmind. Face this new threat and secure what remains of the ancient network.", 
    "activityHash": 51311974, 
    "activityLevel": 20, 
    "activityName": "Dust Palace", 
    "activityPower": 0.0, 
    "activityTypeHash": 4110605575, 
    "completionFlagHash": 837385731, 
    "destinationHash": 4072959335, 
    "hash": 0, 
    "icon": "/common/destiny_content/icons/63e1fbc1a10a4e4338b63cb5e3887e35.png", 
    "index": 0, 
    "isPlaylist": false, 
    "maxParty": 3, 
    "maxPlayers": 3, 
    "minParty": 1, 
    "pgcrImage": "/img/theme/destiny/bgs/pgcrs/story_mars_1.jpg", 
    "placeHash": 2809578934, 
    "releaseIcon": "/img/misc/missing_icon.png", 
    "releaseTime": 0, 
    "rewards": [
        {
            "rewardItems": [
                {
                    "itemHash": 3006793116, 
                    "value": 0
                }
            ]
        }
    ], 
    "skulls": [], 
    "tier": 1
}