{
    "activityDescription": "Board the Fallen Ketch above the Moon and defeat the notorious Taniks, the Scarred.", 
    "activityHash": 572368820, 
    "activityLevel": 32, 
    "activityName": "Weekly Nightfall Strike", 
    "activityPower": 0.0, 
    "activityTypeHash": 575572995, 
    "completionFlagHash": 4185808065, 
    "destinationHash": 4233735899, 
    "hash": 0, 
    "icon": "/img/theme/destiny/icons/node_strike_nightfall.png", 
    "index": 0, 
    "isPlaylist": false, 
    "maxParty": 3, 
    "maxPlayers": 3, 
    "minParty": 1, 
    "pgcrImage": "/img/theme/destiny/bgs/pgcrs/patrol_moon.jpg", 
    "placeHash": 3128647858, 
    "releaseIcon": "/common/destiny_content/icons/b9848586b7660a42a5460d4b898cf115.png", 
    "releaseTime": 0, 
    "rewards": [
        {
            "rewardItems": [
                {
                    "itemHash": 3747303650, 
                    "value": 0
                }
            ]
        }
    ], 
    "skulls": [
        {
            "description": "Heavily shielded and highly aggressive enemies appear in great numbers.", 
            "displayName": "Epic", 
            "icon": "/common/destiny_content/icons/5bcd33d7ab2bc06b08c4dff7f50b643a.png"
        }, 
        {
            "description": "If all players die, your Fireteam is returned to Orbit.", 
            "displayName": "Nightfall", 
            "icon": "/common/destiny_content/icons/64c90647b9ca6c5cffbc631357636c7b.png"
        }, 
        {
            "description": "Void Damage from any source is greatly increased.", 
            "displayName": "Void Burn", 
            "icon": "/common/destiny_content/icons/939819db695701a1dcfe77d32673e39f.png"
        }, 
        {
            "description": "Solar Damage from any source is greatly increased.", 
            "displayName": "Solar Burn", 
            "icon": "/common/destiny_content/icons/6ef3355be16c0ca6677a0f1c9e9a99b7.png"
        }, 
        {
            "description": "Players take more damage while airborne.", 
            "displayName": "Grounded", 
            "icon": "/common/destiny_content/icons/c791e4486bae185fb400fff7e203eda9.png"
        }
    ], 
    "tier": 1
}