{
    "activityDescription": "\"No mercy. No hesitation. It'll take nothing less to defeat the Darkness.\" \u2014Lord Shaxx \n\nAll-out team warfare. Destroy the enemy. No trackers and simplified scoring.", 
    "activityHash": 711826167, 
    "activityLevel": 1, 
    "activityName": "Inferno Clash", 
    "activityPower": 0.0, 
    "activityTypeHash": 1526862764, 
    "completionFlagHash": 4106042506, 
    "destinationHash": 2777041980, 
    "hash": 0, 
    "icon": "/common/destiny_content/icons/d5a5f8d6ac8a29d137a3238578d54ce4.png", 
    "index": 0, 
    "isPlaylist": true, 
    "maxParty": 6, 
    "maxPlayers": 12, 
    "minParty": 1, 
    "pgcrImage": "/img/theme/destiny/bgs/pgcrs/placeholder.jpg", 
    "placeHash": 4088006058, 
    "releaseIcon": "/common/destiny_content/icons/95baf9975a03e53d6e10ea58a0b1d013.png", 
    "releaseTime": 0, 
    "rewards": [
        {
            "rewardItems": [
                {
                    "itemHash": 3510203897, 
                    "value": 10
                }
            ]
        }
    ], 
    "skulls": [], 
    "tier": -1
}