{
    "activityDescription": "\"Leave no ally behind and no enemy standing.\" \u2014Lord Shaxx \n\nSmall-team tactics. Kill the enemy. Revive teammates. No trackers and simplified scoring.", 
    "activityHash": 782611196, 
    "activityLevel": 1, 
    "activityName": "Inferno Skirmish", 
    "activityPower": 0.0, 
    "activityTypeHash": 1646825171, 
    "completionFlagHash": 1020798935, 
    "destinationHash": 2777041980, 
    "hash": 0, 
    "icon": "/common/destiny_content/icons/3a78440f5ccba96c446dfb2078a93456.png", 
    "index": 0, 
    "isPlaylist": true, 
    "maxParty": 3, 
    "maxPlayers": 6, 
    "minParty": 1, 
    "pgcrImage": "/img/theme/destiny/bgs/pgcrs/placeholder.jpg", 
    "placeHash": 4088006058, 
    "releaseIcon": "/common/destiny_content/icons/95baf9975a03e53d6e10ea58a0b1d013.png", 
    "releaseTime": 0, 
    "rewards": [
        {
            "rewardItems": [
                {
                    "itemHash": 3510203897, 
                    "value": 10
                }
            ]
        }
    ], 
    "skulls": [], 
    "tier": -1
}