{
    "activityDescription": "Obtain this Quest in Destiny to learn more.", 
    "activityHash": 832576952, 
    "activityLevel": 0, 
    "activityName": "Classified", 
    "activityPower": 0.0, 
    "activityTypeHash": 4110605575, 
    "completionFlagHash": 0, 
    "destinationHash": 0, 
    "hash": 0, 
    "icon": "/common/destiny_content/icons/63e1fbc1a10a4e4338b63cb5e3887e35.png", 
    "index": 0, 
    "isPlaylist": false, 
    "maxParty": 0, 
    "maxPlayers": 0, 
    "minParty": 0, 
    "pgcrImage": "/img/theme/destiny/bgs/pgcrs/fallen_saber.jpg", 
    "placeHash": 0, 
    "releaseIcon": "/common/destiny_content/icons/95baf9975a03e53d6e10ea58a0b1d013.png", 
    "releaseTime": 0, 
    "rewards": [], 
    "skulls": [], 
    "tier": 0
}