{
    "activityDescription": "Only true champions of the Crucible dare set foot in these fabled halls.", 
    "activityHash": 860566204, 
    "activityLevel": 1, 
    "activityName": "The Lighthouse", 
    "activityPower": 0.0, 
    "activityTypeHash": 1589650888, 
    "completionFlagHash": 0, 
    "destinationHash": 3669933163, 
    "hash": 0, 
    "icon": "/common/destiny_content/icons/2c5a4ebf92e876f1651a079a65e8abf8.png", 
    "index": 0, 
    "isPlaylist": false, 
    "maxParty": 3, 
    "maxPlayers": 3, 
    "minParty": 1, 
    "pgcrImage": "/img/theme/destiny/bgs/pgcrs/the_lighthouse.jpg", 
    "placeHash": 1259908504, 
    "releaseIcon": "/img/misc/missing_icon.png", 
    "releaseTime": 0, 
    "rewards": [], 
    "skulls": [], 
    "tier": -1
}