{
    "activityDescription": "\"It's a tactical exercise in reinforcing and defending acquired territory. Should the Vanguard ever decide to expand past the walls of the City, the Guardians will be ready.\" \u2014Lord Shaxx \n\nAll-out team warfare. Destroy the enemy. Impress the Lords of Iron.", 
    "activityHash": 86749741, 
    "activityLevel": 40, 
    "activityName": "Iron Banner", 
    "activityPower": 0.0, 
    "activityTypeHash": 1337970376, 
    "completionFlagHash": 556611800, 
    "destinationHash": 2777041980, 
    "hash": 0, 
    "icon": "/img/theme/destiny/icons/node_pvp_iron_banner.png", 
    "index": 0, 
    "isPlaylist": true, 
    "maxParty": 6, 
    "maxPlayers": 12, 
    "minParty": 1, 
    "pgcrImage": "/img/theme/destiny/bgs/pgcrs/placeholder.jpg", 
    "placeHash": 4088006058, 
    "releaseIcon": "/common/destiny_content/icons/95baf9975a03e53d6e10ea58a0b1d013.png", 
    "releaseTime": 0, 
    "rewards": [], 
    "skulls": [], 
    "tier": -1
}