{
    "activityDescription": "Return to the Chamber of Night and steal a shard of the crystal that once held Crota's soul.", 
    "activityHash": 95021281, 
    "activityLevel": 31, 
    "activityName": "Lost to Light", 
    "activityPower": 0.0, 
    "activityTypeHash": 1299744814, 
    "completionFlagHash": 2166841932, 
    "destinationHash": 4233735899, 
    "hash": 0, 
    "icon": "/common/destiny_content/icons/b72375855ce0d217882f1fde673fc370.png", 
    "index": 0, 
    "isPlaylist": false, 
    "maxParty": 3, 
    "maxPlayers": 3, 
    "minParty": 1, 
    "pgcrImage": "/img/theme/destiny/bgs/pgcrs/lost_to_light.jpg", 
    "placeHash": 3128647858, 
    "releaseIcon": "/common/destiny_content/icons/95baf9975a03e53d6e10ea58a0b1d013.png", 
    "releaseTime": 0, 
    "rewards": [], 
    "skulls": [], 
    "tier": 1
}