{
    "activityDescription": "Seek the remaining Sunbreakers at the Burning Forge on Mercury.", 
    "activityHash": 981644933, 
    "activityLevel": 25, 
    "activityName": "Bound by Fire", 
    "activityPower": 0.0, 
    "activityTypeHash": 2881466965, 
    "completionFlagHash": 1640249248, 
    "destinationHash": 3669933163, 
    "hash": 0, 
    "icon": "/common/destiny_content/icons/7362972d87ac5ba4d55c28b2b7abc374.png", 
    "index": 0, 
    "isPlaylist": false, 
    "maxParty": 1, 
    "maxPlayers": 1, 
    "minParty": 1, 
    "pgcrImage": "/img/theme/destiny/bgs/pgcrs/bound_by_fire.jpg", 
    "placeHash": 1259908504, 
    "releaseIcon": "/common/destiny_content/icons/95baf9975a03e53d6e10ea58a0b1d013.png", 
    "releaseTime": 0, 
    "rewards": [
        {
            "rewardItems": [
                {
                    "itemHash": 1315532320, 
                    "value": 0
                }
            ]
        }
    ], 
    "skulls": [], 
    "tier": 1
}