{
    "activityDescription": "An ancient Mind, feared by the Vex themselves, hides among the channels of the Black Garden. Find this machine and end its existence.", 
    "activityHash": 994743956, 
    "activityLevel": 42, 
    "activityName": "The Undying Mind", 
    "activityPower": 0.0, 
    "activityTypeHash": 575572995, 
    "completionFlagHash": 2868189086, 
    "destinationHash": 4072959335, 
    "hash": 0, 
    "icon": "/img/theme/destiny/icons/node_strike_nightfall.png", 
    "index": 0, 
    "isPlaylist": false, 
    "maxParty": 3, 
    "maxPlayers": 3, 
    "minParty": 1, 
    "pgcrImage": "/img/theme/destiny/bgs/pgcrs/story_mars_2.jpg", 
    "placeHash": 2809578934, 
    "releaseIcon": "/common/destiny_content/icons/0b318e4cc7c6dfce0e89d922a0327a8d.png", 
    "releaseTime": 0, 
    "rewards": [], 
    "skulls": [], 
    "tier": 1
}